<?xml version="1.0" encoding="utf-8"?><rulebase region="en-US" timezone="Etc/GMT"><entity text="Global" name="global" has-public-name="true" singleton="true"><attribute name="229033ea-17c7-4ddf-bfc6-f4cddc0372b3" has-public-name="false" type="Boolean" /><attribute name="dfc29478-de1f-4116-91b8-2f4f94b1913a" has-public-name="false" type="Text" /><attribute name="50d75371-b0f1-4674-82dc-ab81f33e0519" has-public-name="false" type="Text" /><attribute name="c379c6d3-9fce-4b45-949f-167aa5cc04d4" has-public-name="false" type="Text" /><attribute name="917f5475-01b9-48b9-9ea8-df82f5b61df9" has-public-name="false" type="Number" min-value="8" max-value="10" /><attribute name="a9827882-4644-4663-859d-22c2da663d02" has-public-name="false" type="Boolean" /><attribute name="4462beaf-d22c-47c1-ad5f-1035d660763f" has-public-name="false" type="Text" validate-regexp="@" /><attribute name="f783059c-e78d-4324-bb27-1844d6123e12" has-public-name="false" type="Boolean" /><attribute name="02037b16-6a95-43f5-bf8a-1a6e3b06d0fa" has-public-name="false" type="Boolean" /><attribute name="c07e44d5-7e31-4c47-b839-6c91dd4122ba" has-public-name="false" type="Boolean" /><attribute name="4a7623e4-6820-455b-8b73-3f5204485866" has-public-name="false" type="Boolean" /><attribute name="4fe7624b-235d-45eb-bf01-59873c3e15bb" has-public-name="false" type="Boolean" /><attribute name="2e322da1-6734-4996-af32-4bc62bf8717a" has-public-name="false" type="Boolean" /><attribute name="0f482a7c-3efb-485b-a7f6-51b2710ee01c" has-public-name="false" type="Boolean" /><attribute name="751a0e9a-254c-4668-a0e6-65dda68d2b1a" has-public-name="false" type="Boolean" /><attribute name="e93da0a1-d784-40c0-acd6-48d31f8a5dd8" has-public-name="false" type="Boolean" /><attribute name="d1daa143-32b8-4bc9-ac16-3fa668ec60c6" has-public-name="false" type="Boolean" /><attribute name="382c9a92-91cc-4c9e-b46e-2716dc5d8fbb" has-public-name="false" type="Boolean" /><attribute name="d71a57e1-097d-4c7a-adda-73beec6d2100" has-public-name="false" type="Boolean" /><attribute name="4080f6e1-06f0-4bbe-a998-2132fbc4a6dd" has-public-name="false" type="Boolean" /><attribute name="95cab034-4430-490c-99c8-0ac97154a7ab" has-public-name="false" type="Boolean" /></entity><rules module="GST_AT_SETTLEMENT:4C3EB18A9459CC235443BAB38588B9FC"><conclude attr-id="229033ea-17c7-4ddf-bfc6-f4cddc0372b3" entity-id="global" scope-id="global0"><value><true-value /></value><condition><and><known><attribute attr-id="dfc29478-de1f-4116-91b8-2f4f94b1913a" /></known><known><attribute attr-id="50d75371-b0f1-4674-82dc-ab81f33e0519" /></known><known><attribute attr-id="c379c6d3-9fce-4b45-949f-167aa5cc04d4" /></known><known><attribute attr-id="917f5475-01b9-48b9-9ea8-df82f5b61df9" /></known><known><attribute attr-id="a9827882-4644-4663-859d-22c2da663d02" /></known><known><attribute attr-id="4462beaf-d22c-47c1-ad5f-1035d660763f" /></known></and></condition><otherwise><false-value /></otherwise></conclude><conclude attr-id="f783059c-e78d-4324-bb27-1844d6123e12" entity-id="global" scope-id="global0"><value><true-value /></value><condition><attribute attr-id="f783059c-e78d-4324-bb27-1844d6123e12" /></condition><otherwise><false-value /></otherwise></conclude><conclude attr-id="02037b16-6a95-43f5-bf8a-1a6e3b06d0fa" entity-id="global" scope-id="global0"><value><true-value /></value><condition><not><attribute attr-id="f783059c-e78d-4324-bb27-1844d6123e12" /></not></condition><otherwise><false-value /></otherwise></conclude><conclude attr-id="c07e44d5-7e31-4c47-b839-6c91dd4122ba" entity-id="global" scope-id="global0"><value><true-value /></value><condition><and><attribute attr-id="4a7623e4-6820-455b-8b73-3f5204485866" /><attribute attr-id="4fe7624b-235d-45eb-bf01-59873c3e15bb" /><or><attribute attr-id="2e322da1-6734-4996-af32-4bc62bf8717a" /></or></and></condition><otherwise><false-value /></otherwise></conclude><conclude attr-id="4a7623e4-6820-455b-8b73-3f5204485866" entity-id="global" scope-id="global0"><value><true-value /></value><condition><conclude attr-id="0f482a7c-3efb-485b-a7f6-51b2710ee01c" entity-id="global" scope-id="global0"><value><true-value /></value><condition><or><not><attribute attr-id="751a0e9a-254c-4668-a0e6-65dda68d2b1a" /></not><attribute attr-id="e93da0a1-d784-40c0-acd6-48d31f8a5dd8" /><attribute attr-id="d1daa143-32b8-4bc9-ac16-3fa668ec60c6" /></or></condition><otherwise><false-value /></otherwise></conclude></condition><otherwise><false-value /></otherwise></conclude><conclude attr-id="382c9a92-91cc-4c9e-b46e-2716dc5d8fbb" entity-id="global" scope-id="global0"><value><true-value /></value><condition><conclude attr-id="d71a57e1-097d-4c7a-adda-73beec6d2100" entity-id="global" scope-id="global0"><value><true-value /></value><condition><or><attribute attr-id="4080f6e1-06f0-4bbe-a998-2132fbc4a6dd" /><attribute attr-id="95cab034-4430-490c-99c8-0ac97154a7ab" /></or></condition><otherwise><false-value /></otherwise></conclude></condition><otherwise><false-value /></otherwise></conclude></rules></rulebase>