<?xml version="1.0" encoding="utf-8"?><rulebase region="en-US" timezone="Etc/GMT"><entity text="Global" name="global" has-public-name="true" singleton="true"><attribute name="52cb00bf-6958-422e-83e4-497d86044fba" has-public-name="false" type="Boolean" /><attribute name="b253893e-5acf-4b13-8931-22f6d992f2a5" has-public-name="false" type="Boolean" /><attribute name="a2de1483-85cf-4896-a3e7-6dcb5e43a52f" has-public-name="false" type="Boolean" /><attribute name="37aab4b4-ec8c-4d7f-a820-28db102bdd33" has-public-name="false" type="Boolean" /><attribute name="af03c11b-281a-4745-8c27-528d971c87f3" has-public-name="false" type="Boolean" /><attribute name="e5e96dfc-8995-4c88-ac55-2f9ab74a3024" has-public-name="false" type="Boolean" /><attribute name="ad9378f8-91d8-4489-8bc2-dc5dd1cc697a" has-public-name="false" type="Boolean" /><attribute name="76e90448-d12f-43ea-8a3a-ddd65edcc815" has-public-name="false" type="Boolean" /><attribute name="bbd65719-81ec-48e8-a3c7-12be449de90e" has-public-name="false" type="Boolean" /><attribute name="2606d0df-4607-4999-acb8-1db003ea3c4c" has-public-name="false" type="Boolean" /><attribute name="f950dd3f-20b4-4308-b954-210ec9a62c25" has-public-name="false" type="Boolean" /><attribute name="3dbbc78f-1794-45c0-83a7-b48ad3b9dfae" has-public-name="false" type="Boolean" /><attribute name="43648312-4756-43ae-a8ff-9ce593e2c4ba" has-public-name="false" type="Boolean" /><attribute name="8abf7a54-5d33-4ec0-b959-71a9af6d1865" has-public-name="false" type="Text" /><attribute name="faf9e4e3-2527-4ab0-9cc9-0b054d69fa32" has-public-name="false" type="Text" /><attribute name="b8738976-961b-49f3-b257-86ada756b6db" has-public-name="false" type="Text" /><attribute name="4b799da6-49d3-4800-a0b9-a9d22365e153" has-public-name="false" type="Number" /><attribute name="1695bf09-8a94-412d-833f-723f681eeaf5" has-public-name="false" type="Boolean" /><attribute name="225994ec-b21d-4d00-ba0d-900acc75c655" has-public-name="false" type="Text" /><attribute name="80ff4f86-908f-4c80-98bb-d4359c7ea999" has-public-name="false" type="Text" /><attribute name="4adb5bc3-8d25-47f8-bb26-913afa3ba9c4" has-public-name="false" type="Text" /><attribute name="1be79808-0524-4136-bd07-172f0eac6ef5" has-public-name="false" type="Text" /><attribute name="2a956697-e45d-4bcc-a1b6-43cd77089d75" has-public-name="false" type="Text" /><attribute name="ea1d2e74-75ab-4774-a773-3d648af8c50d" has-public-name="false" type="Number" /><attribute name="f26381b2-3040-4fe9-941f-03f2706de704" has-public-name="false" type="Number" /><attribute name="e18e3b05-dd57-43f7-8cd2-645cb14834dc" has-public-name="false" type="Number" /><attribute name="17ef8f12-33ff-4ece-8854-86198a3118a4" has-public-name="false" type="Text" /><attribute name="b6b57bbf-6e8d-46f6-a5de-cad1dda10f8a" has-public-name="false" type="Date" /><attribute name="9ea74d06-7f52-4ec8-9d90-fc9c394d0b0c" has-public-name="false" type="Date" /><attribute name="fc1e3e47-ec8b-4ced-a9cf-67baa8f262ad" has-public-name="false" type="Currency" /><attribute name="50d75371-b0f1-4674-82dc-ab81f33e0519" has-public-name="false" type="Text" /><attribute name="c379c6d3-9fce-4b45-949f-167aa5cc04d4" has-public-name="false" type="Text" /><attribute name="45d1769c-2c98-4a6d-bf4c-969414c7cc13" has-public-name="false" type="Date" /><attribute name="0d39d52d-ac86-476c-a0c6-54f1753c9143" has-public-name="false" type="Number" /><attribute name="fa301f8d-d977-4a8a-bd8d-c605aa2aba69" has-public-name="false" type="Number" /><attribute name="917f5475-01b9-48b9-9ea8-df82f5b61df9" has-public-name="false" type="Number" min-value="8" max-value="10" /><attribute name="d40b44de-4bfb-40ba-a458-52f38c004bd1" has-public-name="false" type="Text" /><attribute name="28adad46-0720-4180-ae4a-a6635d72e505" has-public-name="false" type="Text" /><attribute name="8861df4a-6fd9-4f39-96ad-664968d78224" has-public-name="false" type="Text" /><attribute name="3a23c222-f6e4-45d9-928b-e30cb8e3bc84" has-public-name="false" type="Text" /><attribute name="0e87b6aa-eedf-4b92-ad5e-32bba94ed693" has-public-name="false" type="Number" /><attribute name="5eb8688d-6c03-4658-97e3-0c3367d75f96" has-public-name="false" type="Number" /><attribute name="5165d5b3-d46b-4d8c-a9dc-50c3499a5519" has-public-name="false" type="Text" /><attribute name="36127fea-be8d-43da-af6d-11c9164c6eb8" has-public-name="false" type="Text" /><attribute name="5ecdbb04-4c13-42b2-ae95-f3832be8f593" has-public-name="false" type="Text" /><attribute name="8b4b808e-3778-4967-9fc0-b03b87a0bad0" has-public-name="false" type="Number" /><attribute name="5d12c258-53c9-467b-9adf-847359dd6cf2" has-public-name="false" type="Number" /><attribute name="cae69adb-8fb4-4f8d-b884-4f8249c87486" has-public-name="false" type="Text" /><attribute name="ac77cba4-a92a-4334-8b25-259eac81b460" has-public-name="false" type="Text" /><attribute name="351ab3bb-e4fe-497d-86b8-9418fee7f72e" has-public-name="false" type="Text" /><attribute name="9c9b557a-a0de-4a09-8793-cea29390e814" has-public-name="false" type="Text" /><attribute name="43d8fe93-a8fa-40be-a7a1-c50ca9cb0cbf" has-public-name="false" type="Number" /><attribute name="6a02860f-f957-4840-beaa-f78fa120c689" has-public-name="false" type="Currency" /><attribute name="a7839896-ec5d-4503-8183-07aac99a226f" has-public-name="false" type="Text" /><attribute name="41bab8da-0ef9-49aa-96ee-158da96962cd" has-public-name="false" type="Text" /><attribute name="64d292a7-3547-4eec-99de-556f7d452f47" has-public-name="false" type="Number" /><attribute name="65e842f4-3ce6-48b5-8d4a-e71cccabe812" has-public-name="false" type="Number" /><attribute name="e61c5536-abfe-4213-a095-8ec539e67df7" has-public-name="false" type="Date" /><attribute name="5cb67b8d-2955-4607-8164-a0d854ef2bce" has-public-name="false" type="Currency" /><attribute name="f783059c-e78d-4324-bb27-1844d6123e12" has-public-name="false" type="Boolean" /><attribute name="02037b16-6a95-43f5-bf8a-1a6e3b06d0fa" has-public-name="false" type="Boolean" /><attribute name="c07e44d5-7e31-4c47-b839-6c91dd4122ba" has-public-name="false" type="Boolean" /><attribute name="4a7623e4-6820-455b-8b73-3f5204485866" has-public-name="false" type="Boolean" /><attribute name="4fe7624b-235d-45eb-bf01-59873c3e15bb" has-public-name="false" type="Boolean" /><attribute name="2e322da1-6734-4996-af32-4bc62bf8717a" has-public-name="false" type="Boolean" /><attribute name="c8d391dd-801f-4446-9e8a-e2554e2e71a0" has-public-name="false" type="Boolean" /><attribute name="751a0e9a-254c-4668-a0e6-65dda68d2b1a" has-public-name="false" type="Boolean" /><attribute name="e93da0a1-d784-40c0-acd6-48d31f8a5dd8" has-public-name="false" type="Boolean" /><attribute name="d1daa143-32b8-4bc9-ac16-3fa668ec60c6" has-public-name="false" type="Boolean" /><attribute name="f657e4f9-40b2-4a9c-9f79-dcbc47f74e7c" has-public-name="false" type="Boolean" /><attribute name="54817ba4-e51a-47cd-aadf-a93c9aac7e7b" has-public-name="false" type="Boolean" /><attribute name="4080f6e1-06f0-4bbe-a998-2132fbc4a6dd" has-public-name="false" type="Boolean" /><attribute name="95cab034-4430-490c-99c8-0ac97154a7ab" has-public-name="false" type="Boolean" /><attribute name="78a6d883-8a12-44d9-b977-90e2357b16a9" has-public-name="false" type="Text" /><attribute name="886ec295-be4b-478c-9e65-7e0797037d0d" has-public-name="false" type="Text"><enumeration-list ref-id="1965a7ca-6b2a-4200-bc0c-683e90328fbf" /></attribute></entity><rules module="GST_AT_SETTLEMENT:64F4EBB98E00F9F9CCDC438C54D4E219"><conclude attr-id="f783059c-e78d-4324-bb27-1844d6123e12" entity-id="global" scope-id="global0"><value><true-value /></value><condition><attribute attr-id="f783059c-e78d-4324-bb27-1844d6123e12" /></condition><otherwise><false-value /></otherwise></conclude><conclude attr-id="02037b16-6a95-43f5-bf8a-1a6e3b06d0fa" entity-id="global" scope-id="global0"><value><true-value /></value><condition><not><attribute attr-id="f783059c-e78d-4324-bb27-1844d6123e12" /></not></condition><otherwise><false-value /></otherwise></conclude><conclude attr-id="c07e44d5-7e31-4c47-b839-6c91dd4122ba" entity-id="global" scope-id="global0"><value><true-value /></value><condition><and><attribute attr-id="4a7623e4-6820-455b-8b73-3f5204485866" /><attribute attr-id="4fe7624b-235d-45eb-bf01-59873c3e15bb" /><or><attribute attr-id="2e322da1-6734-4996-af32-4bc62bf8717a" /></or></and></condition><otherwise><false-value /></otherwise></conclude><conclude attr-id="4a7623e4-6820-455b-8b73-3f5204485866" entity-id="global" scope-id="global0"><value><true-value /></value><condition><conclude attr-id="c8d391dd-801f-4446-9e8a-e2554e2e71a0" entity-id="global" scope-id="global0"><value><true-value /></value><condition><or><not><attribute attr-id="751a0e9a-254c-4668-a0e6-65dda68d2b1a" /></not><attribute attr-id="e93da0a1-d784-40c0-acd6-48d31f8a5dd8" /><attribute attr-id="d1daa143-32b8-4bc9-ac16-3fa668ec60c6" /></or></condition><otherwise><false-value /></otherwise></conclude></condition><otherwise><false-value /></otherwise></conclude><conclude attr-id="f657e4f9-40b2-4a9c-9f79-dcbc47f74e7c" entity-id="global" scope-id="global0"><value><true-value /></value><condition><conclude attr-id="54817ba4-e51a-47cd-aadf-a93c9aac7e7b" entity-id="global" scope-id="global0"><value><true-value /></value><condition><or><attribute attr-id="4080f6e1-06f0-4bbe-a998-2132fbc4a6dd" /><attribute attr-id="95cab034-4430-490c-99c8-0ac97154a7ab" /></or></condition><otherwise><false-value /></otherwise></conclude></condition><otherwise><false-value /></otherwise></conclude><conclude attr-id="52cb00bf-6958-422e-83e4-497d86044fba" entity-id="global" scope-id="global0"><value><true-value /></value><condition><and><known><attribute attr-id="8abf7a54-5d33-4ec0-b959-71a9af6d1865" /></known><known><attribute attr-id="faf9e4e3-2527-4ab0-9cc9-0b054d69fa32" /></known><known><attribute attr-id="b8738976-961b-49f3-b257-86ada756b6db" /></known><known><attribute attr-id="4b799da6-49d3-4800-a0b9-a9d22365e153" /></known><known><attribute attr-id="1695bf09-8a94-412d-833f-723f681eeaf5" /></known><known><attribute attr-id="225994ec-b21d-4d00-ba0d-900acc75c655" /></known></and></condition><otherwise><false-value /></otherwise></conclude><conclude attr-id="b253893e-5acf-4b13-8931-22f6d992f2a5" entity-id="global" scope-id="global0"><value><true-value /></value><condition><and><known><attribute attr-id="80ff4f86-908f-4c80-98bb-d4359c7ea999" /></known><known><attribute attr-id="4adb5bc3-8d25-47f8-bb26-913afa3ba9c4" /></known><known><attribute attr-id="1be79808-0524-4136-bd07-172f0eac6ef5" /></known><known><attribute attr-id="2a956697-e45d-4bcc-a1b6-43cd77089d75" /></known><known><attribute attr-id="ea1d2e74-75ab-4774-a773-3d648af8c50d" /></known><known><attribute attr-id="f26381b2-3040-4fe9-941f-03f2706de704" /></known><known><attribute attr-id="e18e3b05-dd57-43f7-8cd2-645cb14834dc" /></known><known><attribute attr-id="17ef8f12-33ff-4ece-8854-86198a3118a4" /></known></and></condition><otherwise><false-value /></otherwise></conclude><conclude attr-id="a2de1483-85cf-4896-a3e7-6dcb5e43a52f" entity-id="global" scope-id="global0"><value><true-value /></value><condition><and><known><attribute attr-id="b6b57bbf-6e8d-46f6-a5de-cad1dda10f8a" /></known><known><attribute attr-id="9ea74d06-7f52-4ec8-9d90-fc9c394d0b0c" /></known><known><attribute attr-id="fc1e3e47-ec8b-4ced-a9cf-67baa8f262ad" /></known></and></condition><otherwise><false-value /></otherwise></conclude><conclude attr-id="37aab4b4-ec8c-4d7f-a820-28db102bdd33" entity-id="global" scope-id="global0"><value><true-value /></value><condition><and><known><attribute attr-id="886ec295-be4b-478c-9e65-7e0797037d0d" /></known><known><attribute attr-id="50d75371-b0f1-4674-82dc-ab81f33e0519" /></known><known><attribute attr-id="c379c6d3-9fce-4b45-949f-167aa5cc04d4" /></known><known><attribute attr-id="45d1769c-2c98-4a6d-bf4c-969414c7cc13" /></known><known><attribute attr-id="0d39d52d-ac86-476c-a0c6-54f1753c9143" /></known><known><attribute attr-id="fa301f8d-d977-4a8a-bd8d-c605aa2aba69" /></known><known><attribute attr-id="917f5475-01b9-48b9-9ea8-df82f5b61df9" /></known><known><attribute attr-id="d40b44de-4bfb-40ba-a458-52f38c004bd1" /></known><known><attribute attr-id="28adad46-0720-4180-ae4a-a6635d72e505" /></known><known><attribute attr-id="8861df4a-6fd9-4f39-96ad-664968d78224" /></known><known><attribute attr-id="3a23c222-f6e4-45d9-928b-e30cb8e3bc84" /></known><known><attribute attr-id="0e87b6aa-eedf-4b92-ad5e-32bba94ed693" /></known><known><attribute attr-id="5eb8688d-6c03-4658-97e3-0c3367d75f96" /></known><known><attribute attr-id="5165d5b3-d46b-4d8c-a9dc-50c3499a5519" /></known><known><attribute attr-id="fa301f8d-d977-4a8a-bd8d-c605aa2aba69" /></known></and></condition><otherwise><false-value /></otherwise></conclude><conclude attr-id="af03c11b-281a-4745-8c27-528d971c87f3" entity-id="global" scope-id="global0"><value><true-value /></value><condition><and><known><attribute attr-id="78a6d883-8a12-44d9-b977-90e2357b16a9" /></known><known><attribute attr-id="36127fea-be8d-43da-af6d-11c9164c6eb8" /></known><known><attribute attr-id="5ecdbb04-4c13-42b2-ae95-f3832be8f593" /></known><known><attribute attr-id="8b4b808e-3778-4967-9fc0-b03b87a0bad0" /></known><known><attribute attr-id="5d12c258-53c9-467b-9adf-847359dd6cf2" /></known><known><attribute attr-id="cae69adb-8fb4-4f8d-b884-4f8249c87486" /></known><known><attribute attr-id="ac77cba4-a92a-4334-8b25-259eac81b460" /></known><known><attribute attr-id="351ab3bb-e4fe-497d-86b8-9418fee7f72e" /></known><known><attribute attr-id="9c9b557a-a0de-4a09-8793-cea29390e814" /></known><known><attribute attr-id="43d8fe93-a8fa-40be-a7a1-c50ca9cb0cbf" /></known><known><attribute attr-id="6a02860f-f957-4840-beaa-f78fa120c689" /></known><known><attribute attr-id="a7839896-ec5d-4503-8183-07aac99a226f" /></known></and></condition><otherwise><false-value /></otherwise></conclude><conclude attr-id="e5e96dfc-8995-4c88-ac55-2f9ab74a3024" entity-id="global" scope-id="global0"><value><true-value /></value><condition><attribute attr-id="ad9378f8-91d8-4489-8bc2-dc5dd1cc697a" /></condition><otherwise><false-value /></otherwise></conclude><conclude attr-id="76e90448-d12f-43ea-8a3a-ddd65edcc815" entity-id="global" scope-id="global0"><value><true-value /></value><condition><and><attribute attr-id="bbd65719-81ec-48e8-a3c7-12be449de90e" /><attribute attr-id="2606d0df-4607-4999-acb8-1db003ea3c4c" /><known><attribute attr-id="41bab8da-0ef9-49aa-96ee-158da96962cd" /></known></and></condition><otherwise><false-value /></otherwise></conclude><conclude attr-id="f950dd3f-20b4-4308-b954-210ec9a62c25" entity-id="global" scope-id="global0"><value><true-value /></value><condition><attribute attr-id="ad9378f8-91d8-4489-8bc2-dc5dd1cc697a" /></condition><otherwise><false-value /></otherwise></conclude><conclude attr-id="3dbbc78f-1794-45c0-83a7-b48ad3b9dfae" entity-id="global" scope-id="global0"><value><true-value /></value><condition><and><known><attribute attr-id="8abf7a54-5d33-4ec0-b959-71a9af6d1865" /></known><known><attribute attr-id="faf9e4e3-2527-4ab0-9cc9-0b054d69fa32" /></known><known><attribute attr-id="b8738976-961b-49f3-b257-86ada756b6db" /></known><known><attribute attr-id="4b799da6-49d3-4800-a0b9-a9d22365e153" /></known><known><attribute attr-id="1695bf09-8a94-412d-833f-723f681eeaf5" /></known><known><attribute attr-id="225994ec-b21d-4d00-ba0d-900acc75c655" /></known></and></condition><otherwise><false-value /></otherwise></conclude><conclude attr-id="43648312-4756-43ae-a8ff-9ce593e2c4ba" entity-id="global" scope-id="global0"><value><true-value /></value><condition><and><known><attribute attr-id="64d292a7-3547-4eec-99de-556f7d452f47" /></known><known><attribute attr-id="65e842f4-3ce6-48b5-8d4a-e71cccabe812" /></known><known><attribute attr-id="e61c5536-abfe-4213-a095-8ec539e67df7" /></known><known><attribute attr-id="5cb67b8d-2955-4607-8164-a0d854ef2bce" /></known></and></condition><otherwise><false-value /></otherwise></conclude></rules></rulebase>