<?xml version="1.0" encoding="utf-8"?><rulebase region="en-US" timezone="Etc/GMT"><entity text="Global" name="global" has-public-name="true" singleton="true"><attribute name="1c0d1677-746d-423d-8c11-e987f3ac959e" has-public-name="false" type="Boolean" /><attribute name="dfc29478-de1f-4116-91b8-2f4f94b1913a" has-public-name="false" type="Text" /><attribute name="50d75371-b0f1-4674-82dc-ab81f33e0519" has-public-name="false" type="Text" /><attribute name="c379c6d3-9fce-4b45-949f-167aa5cc04d4" has-public-name="false" type="Text" /><attribute name="917f5475-01b9-48b9-9ea8-df82f5b61df9" has-public-name="false" type="Number" min-value="8" max-value="10" /><attribute name="a9827882-4644-4663-859d-22c2da663d02" has-public-name="false" type="Boolean" /><attribute name="4462beaf-d22c-47c1-ad5f-1035d660763f" has-public-name="false" type="Text" validate-regexp="@" /><attribute name="f783059c-e78d-4324-bb27-1844d6123e12" has-public-name="false" type="Boolean" /><attribute name="02037b16-6a95-43f5-bf8a-1a6e3b06d0fa" has-public-name="false" type="Boolean" /><attribute name="c07e44d5-7e31-4c47-b839-6c91dd4122ba" has-public-name="false" type="Boolean" /><attribute name="44ab2e77-072e-4230-9c3c-b668565a9b17" has-public-name="false" type="Boolean" /><attribute name="2a0f8633-0640-4724-a76c-03e219261d7e" has-public-name="false" type="Boolean" /><attribute name="751a0e9a-254c-4668-a0e6-65dda68d2b1a" has-public-name="false" type="Boolean" /><attribute name="e93da0a1-d784-40c0-acd6-48d31f8a5dd8" has-public-name="false" type="Boolean" /><attribute name="d1daa143-32b8-4bc9-ac16-3fa668ec60c6" has-public-name="false" type="Boolean" /><attribute name="b7d67cc4-0bd4-460f-b797-a589f6d0cf9f" has-public-name="false" type="Boolean" /><attribute name="da3554c5-839a-4b60-94aa-b004f7a4ead6" has-public-name="false" type="Boolean" /><attribute name="40bdd1f4-3134-4588-9215-46f8d876894c" has-public-name="false" type="Boolean" /><attribute name="aad44216-5cc7-4536-874b-d0b41d8f3983" has-public-name="false" type="Boolean" /><attribute name="b0999a25-3f22-4f40-ad02-7f024f3b2625" has-public-name="false" type="Boolean" /><attribute name="ebc31d92-0b24-4e0e-a2e0-72c857f44d57" has-public-name="false" type="Boolean" /><attribute name="77ff7e4e-3105-4fed-b79a-b5165eb8cb1b" has-public-name="false" type="Boolean" /><attribute name="686acc96-07e2-40bc-a173-02f5cfed8024" has-public-name="false" type="Boolean" /><attribute name="5be68709-95fc-4218-962c-1cb7a8909d72" has-public-name="false" type="Boolean" /><attribute name="e25f1b49-5eda-401c-89d2-1939ed6b6030" has-public-name="false" type="Boolean" /><attribute name="79d2cac3-469c-4f9c-a454-a08e7c2ef07b" has-public-name="false" type="Boolean" /><attribute name="4080f6e1-06f0-4bbe-a998-2132fbc4a6dd" has-public-name="false" type="Boolean" /><attribute name="95cab034-4430-490c-99c8-0ac97154a7ab" has-public-name="false" type="Boolean" /><attribute name="edc967bd-7223-4bd9-a5df-3cd28e07f727" has-public-name="false" type="Text" /><attribute name="1459130f-baf3-4d67-a9cb-1c87ce057261" has-public-name="false" type="Boolean" /><attribute name="99c00618-af7e-4903-bb7f-0bef5a482fd3" has-public-name="false" type="Boolean" /><attribute name="6948a391-a050-4073-8e1e-cbe3e96c7511" has-public-name="false" type="Boolean" /><attribute name="c81738d2-5310-4793-82dd-e7dcebb638f4" has-public-name="false" type="Boolean" /><attribute name="51ded3e7-8468-441d-869c-23491d8a84bc" has-public-name="false" type="Boolean" /><attribute name="ae25dd26-7c96-499f-82c7-38dec40e360a" has-public-name="false" type="Boolean" /></entity><rules module="GST_AT_SETTLEMENT:01B938DEEB42FCA98747AB529E5F1889"><conclude attr-id="1c0d1677-746d-423d-8c11-e987f3ac959e" entity-id="global" scope-id="global0"><value><true-value /></value><condition><and><known><attribute attr-id="dfc29478-de1f-4116-91b8-2f4f94b1913a" /></known><known><attribute attr-id="50d75371-b0f1-4674-82dc-ab81f33e0519" /></known><known><attribute attr-id="c379c6d3-9fce-4b45-949f-167aa5cc04d4" /></known><known><attribute attr-id="917f5475-01b9-48b9-9ea8-df82f5b61df9" /></known><known><attribute attr-id="a9827882-4644-4663-859d-22c2da663d02" /></known><known><attribute attr-id="4462beaf-d22c-47c1-ad5f-1035d660763f" /></known></and></condition><otherwise><false-value /></otherwise></conclude><conclude attr-id="f783059c-e78d-4324-bb27-1844d6123e12" entity-id="global" scope-id="global0"><value><true-value /></value><condition><equals><attribute attr-id="edc967bd-7223-4bd9-a5df-3cd28e07f727" /><string-value>Purchaser</string-value></equals></condition><otherwise><false-value /></otherwise></conclude><conclude attr-id="02037b16-6a95-43f5-bf8a-1a6e3b06d0fa" entity-id="global" scope-id="global0"><value><true-value /></value><condition><equals><attribute attr-id="edc967bd-7223-4bd9-a5df-3cd28e07f727" /><string-value>Seller</string-value></equals></condition><otherwise><false-value /></otherwise></conclude><conclude attr-id="c07e44d5-7e31-4c47-b839-6c91dd4122ba" entity-id="global" scope-id="global0"><value><true-value /></value><condition><and><or><attribute attr-id="44ab2e77-072e-4230-9c3c-b668565a9b17" /><attribute attr-id="2a0f8633-0640-4724-a76c-03e219261d7e" /></or><or><attribute attr-id="6948a391-a050-4073-8e1e-cbe3e96c7511" /><attribute attr-id="99c00618-af7e-4903-bb7f-0bef5a482fd3" /></or><or><attribute attr-id="c81738d2-5310-4793-82dd-e7dcebb638f4" /><attribute attr-id="51ded3e7-8468-441d-869c-23491d8a84bc" /></or><or><attribute attr-id="e25f1b49-5eda-401c-89d2-1939ed6b6030" /><not><attribute attr-id="b7d67cc4-0bd4-460f-b797-a589f6d0cf9f" /></not></or></and></condition><otherwise><false-value /></otherwise></conclude><conclude attr-id="2a0f8633-0640-4724-a76c-03e219261d7e" entity-id="global" scope-id="global0"><value><false-value /></value><condition><or><not><attribute attr-id="751a0e9a-254c-4668-a0e6-65dda68d2b1a" /></not><attribute attr-id="e93da0a1-d784-40c0-acd6-48d31f8a5dd8" /><attribute attr-id="d1daa143-32b8-4bc9-ac16-3fa668ec60c6" /></or></condition><otherwise><true-value /></otherwise></conclude><conclude attr-id="b7d67cc4-0bd4-460f-b797-a589f6d0cf9f" entity-id="global" scope-id="global0"><value><false-value /></value><condition><or><attribute attr-id="da3554c5-839a-4b60-94aa-b004f7a4ead6" /><and><attribute attr-id="40bdd1f4-3134-4588-9215-46f8d876894c" /><attribute attr-id="aad44216-5cc7-4536-874b-d0b41d8f3983" /></and></or></condition><otherwise><true-value /></otherwise></conclude><conclude attr-id="51ded3e7-8468-441d-869c-23491d8a84bc" entity-id="global" scope-id="global0"><value><true-value /></value><condition><or><attribute attr-id="1459130f-baf3-4d67-a9cb-1c87ce057261" /><attribute attr-id="1459130f-baf3-4d67-a9cb-1c87ce057261" /></or></condition><otherwise><false-value /></otherwise></conclude><conclude attr-id="1459130f-baf3-4d67-a9cb-1c87ce057261" entity-id="global" scope-id="global0"><value><true-value /></value><condition><and><attribute attr-id="b0999a25-3f22-4f40-ad02-7f024f3b2625" /><attribute attr-id="ebc31d92-0b24-4e0e-a2e0-72c857f44d57" /><not><attribute attr-id="77ff7e4e-3105-4fed-b79a-b5165eb8cb1b" /></not><or><not><attribute attr-id="686acc96-07e2-40bc-a173-02f5cfed8024" /></not><attribute attr-id="5be68709-95fc-4218-962c-1cb7a8909d72" /></or></and></condition><otherwise><false-value /></otherwise></conclude><conclude attr-id="ae25dd26-7c96-499f-82c7-38dec40e360a" entity-id="global" scope-id="global0"><value><true-value /></value><condition><conclude attr-id="79d2cac3-469c-4f9c-a454-a08e7c2ef07b" entity-id="global" scope-id="global0"><value><true-value /></value><condition><or><attribute attr-id="4080f6e1-06f0-4bbe-a998-2132fbc4a6dd" /><attribute attr-id="95cab034-4430-490c-99c8-0ac97154a7ab" /></or></condition><otherwise><false-value /></otherwise></conclude></condition><otherwise><false-value /></otherwise></conclude></rules></rulebase>