﻿<?xml version="1.0" encoding="utf-8"?>
<enumerations product-version="12.2.7.797" xml:lang="en-US" region="en-US">
  <enumeration id="2a7ceb7d-5fdd-487d-a7a1-d765f61bdb04" name="Entity Type" data-type="text">
    <val is-uncertain="true" node-depth="0" display-name="" />
    <val value="Individual" node-depth="0" display-name="Individual" />
    <val value="Non-individual" node-depth="0" display-name="Non-individual" />
  </enumeration>
  <enumeration id="b05afa2b-ac03-4a50-87d0-863e4df2c617" name="Supplier_Entitytype" data-type="text">
    <val is-uncertain="true" node-depth="0" display-name="" />
    <val value="Individual" node-depth="0" display-name="Individual" />
    <val value="Non-individual" node-depth="0" display-name="Non-individual" />
  </enumeration>
</enumerations>