<?xml version="1.0" encoding="utf-8"?><rulebase region="en-US" timezone="Etc/GMT"><entity text="Global" name="global" has-public-name="true" singleton="true"><attribute name="1e6d755f-8f22-46ef-80bd-24ba08cb9a96" has-public-name="false" type="Currency" /><attribute name="2888559e-1817-4df3-b5f0-62f674780e77" has-public-name="false" type="Date" /><attribute name="576d357f-220b-48e0-93c6-b5aadc9c6261" has-public-name="false" type="Number" /><attribute name="5581ae18-dfae-48a1-ac07-b6f1a715c519" has-public-name="false" type="Number" /><attribute name="f6328175-f97d-4a9e-b211-c562aedfb167" has-public-name="false" type="Text" /><attribute name="d79ea734-d0bb-4b7f-95f9-ec9a0c0fcbdc" has-public-name="false" type="Text" /><attribute name="602b5ca8-1184-40a7-9766-75d47973b215" has-public-name="false" type="Currency" /><attribute name="4dbf290c-7ecc-456a-9c13-d0d1666076f0" has-public-name="false" type="Number" /><attribute name="e7caf8bf-ba83-402d-876f-9c145bd653d0" has-public-name="false" type="Text" /><attribute name="b42cdb5c-a393-41fc-b214-559b050b3476" has-public-name="false" type="Text" /><attribute name="1ce0e4ee-6702-482f-b294-2e334ae16553" has-public-name="false" type="Text" /><attribute name="04aab979-8602-4dcc-9643-2460d95eb960" has-public-name="false" type="Text" /><attribute name="3a5c4c74-42aa-4b71-9ce3-5de1e1eed649" has-public-name="false" type="Number" /><attribute name="cdd30fe1-e4ba-456f-92b8-11a5ae7a3556" has-public-name="false" type="Text" /><attribute name="9408fa59-eab4-4348-b828-cd4c57d28b47" has-public-name="false" type="Text" /><attribute name="e48a07d5-78b2-4f44-a89b-81a5bbea5904" has-public-name="false" type="Text" /><attribute name="e42f0fa0-72ab-434a-b638-1f78f0a0a171" has-public-name="false" type="Number" /><attribute name="e785dc79-5881-400e-9004-df90afa09ef9" has-public-name="false" type="Number" /><attribute name="e40ee1f9-8a3c-4bbf-a691-07dfd0f17c9a" has-public-name="false" type="Text" /><attribute name="fadf1d12-4bce-48f0-88e4-836eb69ee7f1" has-public-name="false" type="Text" /><attribute name="cae97438-92eb-4514-9bc5-2576696d4a3d" has-public-name="false" type="Text" /><attribute name="22ef56a7-f100-4c76-af52-bc3343b9e2de" has-public-name="false" type="Text" /><attribute name="45a7c984-4a1c-40e2-b16c-b11edfc6080c" has-public-name="false" type="Text" /><attribute name="89cf7eeb-b6f1-49a2-ba78-fcfd3c95b1e4" has-public-name="false" type="Text" /><attribute name="c07e44d5-7e31-4c47-b839-6c91dd4122ba" has-public-name="false" type="Boolean" /><attribute name="a9827882-4644-4663-859d-22c2da663d02" has-public-name="false" type="Boolean" /><attribute name="40bdd1f4-3134-4588-9215-46f8d876894c" has-public-name="false" type="Boolean" /><attribute name="457548e9-e6f9-4756-9fa9-86f0eb31cbe2" has-public-name="false" type="Currency" /><attribute name="3800ad92-a430-424a-ae60-e7be1543de65" has-public-name="false" type="Date" /><attribute name="ccef5202-b011-4d73-945e-47c45659c167" has-public-name="false" type="Date" /><attribute name="b0b1c1a4-e262-4839-ae86-480352cbe488" has-public-name="false" type="Number" /><attribute name="2ba21c30-b20e-48aa-9f88-e4d4f66d8784" has-public-name="false" type="Text" /><attribute name="686acc96-07e2-40bc-a173-02f5cfed8024" has-public-name="false" type="Boolean" /><attribute name="5be68709-95fc-4218-962c-1cb7a8909d72" has-public-name="false" type="Boolean" /><attribute name="35b9a775-dd42-44f0-b48d-9cf3eba95935" has-public-name="false" type="Number" /><attribute name="b0fb4046-7af7-4b59-b86c-d7e1e73d1f41" has-public-name="false" type="Number" /><attribute name="9fb31cee-2180-4880-9bbb-f84fce3b2e8b" has-public-name="false" type="Text" /><attribute name="981632fa-0344-4be9-ba10-0c0366676a37" has-public-name="false" type="Text" /><attribute name="38acee86-b513-4c72-9775-67d786c451e0" has-public-name="false" type="Boolean" /><attribute name="ad85a3b5-f84b-4b9a-9d75-68755187eba8" has-public-name="false" type="Boolean" /><attribute name="83d69dd0-7c9b-44ee-b9c2-05898789c57e" has-public-name="false" type="Boolean" /><attribute name="5bd4cd2e-a1e5-41f7-97cd-246202f1e581" has-public-name="false" type="Boolean" /><attribute name="484f1d58-7c03-4ae4-a0bc-4f2c1fd61e07" has-public-name="false" type="Boolean" /><attribute name="78f2e385-e443-4dc9-85fa-d0e1f8cb47c1" has-public-name="false" type="Boolean" /><attribute name="98f23880-2827-4078-99f3-b49b537c536e" has-public-name="false" type="Boolean" /><attribute name="b4c36a4c-eff8-4327-98e1-8ba0122f1dab" has-public-name="false" type="Boolean" /><attribute name="98701b9b-dd3a-434c-8887-afe048947b0e" has-public-name="false" type="Boolean" /><attribute name="514c2204-d0c3-4005-b9d9-cbaf11433988" has-public-name="false" type="Boolean" /><attribute name="21cbc882-3c63-421c-bb92-3fc6ec5e02c8" has-public-name="false" type="Boolean" /><attribute name="6e3adbfd-70e7-4154-ac08-9516c41901f7" has-public-name="false" type="Boolean" /><attribute name="44b05e72-1337-471c-94b2-f224883025b9" has-public-name="false" type="Boolean" /><attribute name="f9bded31-2654-4697-956e-d1e3d736d86a" has-public-name="false" type="Boolean" /><attribute name="f783059c-e78d-4324-bb27-1844d6123e12" has-public-name="false" type="Boolean" /><attribute name="02037b16-6a95-43f5-bf8a-1a6e3b06d0fa" has-public-name="false" type="Boolean" /><attribute name="44ab2e77-072e-4230-9c3c-b668565a9b17" has-public-name="false" type="Boolean" /><attribute name="6948a391-a050-4073-8e1e-cbe3e96c7511" has-public-name="false" type="Boolean" /><attribute name="99c00618-af7e-4903-bb7f-0bef5a482fd3" has-public-name="false" type="Boolean" /><attribute name="c81738d2-5310-4793-82dd-e7dcebb638f4" has-public-name="false" type="Boolean" /><attribute name="00ec5b34-37c7-44da-8fb8-417e30e31a9c" has-public-name="false" type="Boolean" /><attribute name="e25f1b49-5eda-401c-89d2-1939ed6b6030" has-public-name="false" type="Boolean" /><attribute name="b7d67cc4-0bd4-460f-b797-a589f6d0cf9f" has-public-name="false" type="Boolean" /><attribute name="751a0e9a-254c-4668-a0e6-65dda68d2b1a" has-public-name="false" type="Boolean" /><attribute name="e93da0a1-d784-40c0-acd6-48d31f8a5dd8" has-public-name="false" type="Boolean" /><attribute name="d1daa143-32b8-4bc9-ac16-3fa668ec60c6" has-public-name="false" type="Boolean" /><attribute name="da3554c5-839a-4b60-94aa-b004f7a4ead6" has-public-name="false" type="Boolean" /><attribute name="aad44216-5cc7-4536-874b-d0b41d8f3983" has-public-name="false" type="Boolean" /><attribute name="c5fb25ff-a808-474d-b1f5-cfb227acc083" has-public-name="false" type="Boolean" /><attribute name="b0999a25-3f22-4f40-ad02-7f024f3b2625" has-public-name="false" type="Boolean" /><attribute name="ebc31d92-0b24-4e0e-a2e0-72c857f44d57" has-public-name="false" type="Boolean" /><attribute name="77ff7e4e-3105-4fed-b79a-b5165eb8cb1b" has-public-name="false" type="Boolean" /><attribute name="d2a83e23-6efa-4831-bc72-4e6cd23bc939" has-public-name="false" type="Boolean" /><attribute name="79d2cac3-469c-4f9c-a454-a08e7c2ef07b" has-public-name="false" type="Boolean" /><attribute name="4080f6e1-06f0-4bbe-a998-2132fbc4a6dd" has-public-name="false" type="Boolean" /><attribute name="95cab034-4430-490c-99c8-0ac97154a7ab" has-public-name="false" type="Boolean" /><attribute name="edc967bd-7223-4bd9-a5df-3cd28e07f727" has-public-name="false" type="Text" /></entity><entity text="the purchaser" name="8910192f-a495-443d-ad81-a266cdb98d77" has-public-name="false" singleton="false" identifying-attribute-name="purchaser"><attribute name="purchaser" has-public-name="true" type="Text" /><attribute name="purchaser_first_name" has-public-name="true" type="Text" /><attribute name="purchaser_last_name" has-public-name="true" type="Text" /><attribute name="purchaser_phone_number" has-public-name="true" type="Number" min-value="8" max-value="10" /><attribute name="purchaser_entity_type" has-public-name="true" type="Text"><enumeration-list ref-id="2a7ceb7d-5fdd-487d-a7a1-d765f61bdb04" /></attribute><attribute name="purchaser_DOB" has-public-name="true" type="Date" /><attribute name="purchaser_ABN" has-public-name="true" type="Number" /><attribute name="purchaser_TFN" has-public-name="true" type="Number" /><attribute name="purchaser_country" has-public-name="true" type="Text" /><attribute name="purchaser_address" has-public-name="true" type="Text" /><attribute name="purchaser_suburb_town" has-public-name="true" type="Text" /><attribute name="purchaser_state_territory" has-public-name="true" type="Text" /><attribute name="purchaser_postcode" has-public-name="true" type="Number" /><attribute name="percentage_percentage_of_ownership" has-public-name="true" type="Number" /><attribute name="purchaser_entity_name" has-public-name="true" type="Text" /><attribute name="c1f79199-32c4-44e6-a092-87ccd94c543f" has-public-name="false" type="Boolean" /></entity><relationship relationship-id="2ce27efb-474b-420a-a64a-791ca72e84a6" has-public-name="false" relationship-text="all instances of the purchaser" reverse-relationship-id="10235781-1f41-4c0d-8921-d6ea2253e8d0" has-reverse-public-name="false" source="global" target="8910192f-a495-443d-ad81-a266cdb98d77" silent-if-known="true" invisible-if-known="true" type="OneToMany" is-containment="true" /><rules module="GST_AT_SETTLEMENT:1D2051937BA2F81D43DB42E0F8ED98DE"><conclude attr-id="f9bded31-2654-4697-956e-d1e3d736d86a" entity-id="global" scope-id="global0"><value><true-value /></value><condition><and><known><attribute attr-id="cdd30fe1-e4ba-456f-92b8-11a5ae7a3556" /></known><known><attribute attr-id="9408fa59-eab4-4348-b828-cd4c57d28b47" /></known><known><attribute attr-id="e48a07d5-78b2-4f44-a89b-81a5bbea5904" /></known><known><attribute attr-id="e42f0fa0-72ab-434a-b638-1f78f0a0a171" /></known><known><attribute attr-id="38acee86-b513-4c72-9775-67d786c451e0" /></known><known><attribute attr-id="981632fa-0344-4be9-ba10-0c0366676a37" /></known></and></condition><otherwise><false-value /></otherwise></conclude><conclude attr-id="44b05e72-1337-471c-94b2-f224883025b9" entity-id="global" scope-id="global0"><value><true-value /></value><condition><and><known><attribute attr-id="9fb31cee-2180-4880-9bbb-f84fce3b2e8b" /></known><known><attribute attr-id="cae97438-92eb-4514-9bc5-2576696d4a3d" /></known><known><attribute attr-id="22ef56a7-f100-4c76-af52-bc3343b9e2de" /></known><known><attribute attr-id="45a7c984-4a1c-40e2-b16c-b11edfc6080c" /></known><known><attribute attr-id="b0fb4046-7af7-4b59-b86c-d7e1e73d1f41" /></known><known><attribute attr-id="35b9a775-dd42-44f0-b48d-9cf3eba95935" /></known><known><attribute attr-id="2ba21c30-b20e-48aa-9f88-e4d4f66d8784" /></known><known><attribute attr-id="b0b1c1a4-e262-4839-ae86-480352cbe488" /></known></and></condition><otherwise><false-value /></otherwise></conclude><conclude attr-id="6e3adbfd-70e7-4154-ac08-9516c41901f7" entity-id="global" scope-id="global0"><value><true-value /></value><condition><and><known><attribute attr-id="ccef5202-b011-4d73-945e-47c45659c167" /></known><known><attribute attr-id="3800ad92-a430-424a-ae60-e7be1543de65" /></known><known><attribute attr-id="457548e9-e6f9-4756-9fa9-86f0eb31cbe2" /></known></and></condition><otherwise><false-value /></otherwise></conclude><conclude attr-id="c1f79199-32c4-44e6-a092-87ccd94c543f" entity-id="8910192f-a495-443d-ad81-a266cdb98d77" scope-id="ent0_0"><value><true-value /></value><condition><and><known><attribute attr-id="purchaser_entity_type" /></known><known><attribute attr-id="purchaser_first_name" /></known><known><attribute attr-id="purchaser_last_name" /></known><known><attribute attr-id="purchaser_DOB" /></known><known><attribute attr-id="purchaser_ABN" /></known><known><attribute attr-id="purchaser_TFN" /></known><known><attribute attr-id="purchaser_phone_number" /></known><known><attribute attr-id="purchaser_country" /></known><known><attribute attr-id="purchaser_address" /></known><known><attribute attr-id="purchaser_suburb_town" /></known><known><attribute attr-id="purchaser_state_territory" /></known><known><attribute attr-id="purchaser_postcode" /></known><known><attribute attr-id="percentage_percentage_of_ownership" /></known><known><attribute attr-id="purchaser_entity_name" /></known><known><attribute attr-id="purchaser_TFN" /></known></and></condition><otherwise><false-value /></otherwise></conclude><conclude attr-id="514c2204-d0c3-4005-b9d9-cbaf11433988" entity-id="global" scope-id="global0"><value><true-value /></value><condition><and><known><attribute attr-id="89cf7eeb-b6f1-49a2-ba78-fcfd3c95b1e4" /></known><known><attribute attr-id="fadf1d12-4bce-48f0-88e4-836eb69ee7f1" /></known><known><attribute attr-id="e40ee1f9-8a3c-4bbf-a691-07dfd0f17c9a" /></known><known><attribute attr-id="e785dc79-5881-400e-9004-df90afa09ef9" /></known><known><attribute attr-id="3a5c4c74-42aa-4b71-9ce3-5de1e1eed649" /></known><known><attribute attr-id="04aab979-8602-4dcc-9643-2460d95eb960" /></known><known><attribute attr-id="1ce0e4ee-6702-482f-b294-2e334ae16553" /></known><known><attribute attr-id="b42cdb5c-a393-41fc-b214-559b050b3476" /></known><known><attribute attr-id="e7caf8bf-ba83-402d-876f-9c145bd653d0" /></known><known><attribute attr-id="4dbf290c-7ecc-456a-9c13-d0d1666076f0" /></known><known><attribute attr-id="602b5ca8-1184-40a7-9766-75d47973b215" /></known><known><attribute attr-id="d79ea734-d0bb-4b7f-95f9-ec9a0c0fcbdc" /></known></and></condition><otherwise><false-value /></otherwise></conclude><conclude attr-id="98701b9b-dd3a-434c-8887-afe048947b0e" entity-id="global" scope-id="global0"><value><true-value /></value><condition><attribute attr-id="b4c36a4c-eff8-4327-98e1-8ba0122f1dab" /></condition><otherwise><false-value /></otherwise></conclude><conclude attr-id="98f23880-2827-4078-99f3-b49b537c536e" entity-id="global" scope-id="global0"><value><true-value /></value><condition><and><attribute attr-id="78f2e385-e443-4dc9-85fa-d0e1f8cb47c1" /><attribute attr-id="484f1d58-7c03-4ae4-a0bc-4f2c1fd61e07" /><known><attribute attr-id="f6328175-f97d-4a9e-b211-c562aedfb167" /></known></and></condition><otherwise><false-value /></otherwise></conclude><conclude attr-id="5bd4cd2e-a1e5-41f7-97cd-246202f1e581" entity-id="global" scope-id="global0"><value><true-value /></value><condition><attribute attr-id="b4c36a4c-eff8-4327-98e1-8ba0122f1dab" /></condition><otherwise><false-value /></otherwise></conclude><conclude attr-id="83d69dd0-7c9b-44ee-b9c2-05898789c57e" entity-id="global" scope-id="global0"><value><true-value /></value><condition><and><known><attribute attr-id="cdd30fe1-e4ba-456f-92b8-11a5ae7a3556" /></known><known><attribute attr-id="9408fa59-eab4-4348-b828-cd4c57d28b47" /></known><known><attribute attr-id="e48a07d5-78b2-4f44-a89b-81a5bbea5904" /></known><known><attribute attr-id="e42f0fa0-72ab-434a-b638-1f78f0a0a171" /></known><known><attribute attr-id="38acee86-b513-4c72-9775-67d786c451e0" /></known><known><attribute attr-id="981632fa-0344-4be9-ba10-0c0366676a37" /></known></and></condition><otherwise><false-value /></otherwise></conclude><conclude attr-id="ad85a3b5-f84b-4b9a-9d75-68755187eba8" entity-id="global" scope-id="global0"><value><true-value /></value><condition><and><known><attribute attr-id="5581ae18-dfae-48a1-ac07-b6f1a715c519" /></known><known><attribute attr-id="576d357f-220b-48e0-93c6-b5aadc9c6261" /></known><known><attribute attr-id="2888559e-1817-4df3-b5f0-62f674780e77" /></known><known><attribute attr-id="1e6d755f-8f22-46ef-80bd-24ba08cb9a96" /></known></and></condition><otherwise><false-value /></otherwise></conclude><conclude attr-id="f783059c-e78d-4324-bb27-1844d6123e12" entity-id="global" scope-id="global0"><value><true-value /></value><condition><equals><attribute attr-id="edc967bd-7223-4bd9-a5df-3cd28e07f727" /><string-value>Purchaser</string-value></equals></condition><otherwise><false-value /></otherwise></conclude><conclude attr-id="02037b16-6a95-43f5-bf8a-1a6e3b06d0fa" entity-id="global" scope-id="global0"><value><true-value /></value><condition><equals><attribute attr-id="edc967bd-7223-4bd9-a5df-3cd28e07f727" /><string-value>Seller</string-value></equals></condition><otherwise><false-value /></otherwise></conclude><conclude attr-id="c07e44d5-7e31-4c47-b839-6c91dd4122ba" entity-id="global" scope-id="global0"><value><true-value /></value><condition><and><or><attribute attr-id="44ab2e77-072e-4230-9c3c-b668565a9b17" /><attribute attr-id="21cbc882-3c63-421c-bb92-3fc6ec5e02c8" /></or><or><attribute attr-id="6948a391-a050-4073-8e1e-cbe3e96c7511" /><attribute attr-id="99c00618-af7e-4903-bb7f-0bef5a482fd3" /></or><or><attribute attr-id="c81738d2-5310-4793-82dd-e7dcebb638f4" /><attribute attr-id="00ec5b34-37c7-44da-8fb8-417e30e31a9c" /></or><or><attribute attr-id="e25f1b49-5eda-401c-89d2-1939ed6b6030" /><not><attribute attr-id="b7d67cc4-0bd4-460f-b797-a589f6d0cf9f" /></not></or></and></condition><otherwise><false-value /></otherwise></conclude><conclude attr-id="21cbc882-3c63-421c-bb92-3fc6ec5e02c8" entity-id="global" scope-id="global0"><value><false-value /></value><condition><or><not><attribute attr-id="751a0e9a-254c-4668-a0e6-65dda68d2b1a" /></not><attribute attr-id="e93da0a1-d784-40c0-acd6-48d31f8a5dd8" /><attribute attr-id="d1daa143-32b8-4bc9-ac16-3fa668ec60c6" /></or></condition><otherwise><true-value /></otherwise></conclude><conclude attr-id="b7d67cc4-0bd4-460f-b797-a589f6d0cf9f" entity-id="global" scope-id="global0"><value><false-value /></value><condition><or><attribute attr-id="da3554c5-839a-4b60-94aa-b004f7a4ead6" /><and><attribute attr-id="40bdd1f4-3134-4588-9215-46f8d876894c" /><attribute attr-id="aad44216-5cc7-4536-874b-d0b41d8f3983" /></and></or></condition><otherwise><true-value /></otherwise></conclude><conclude attr-id="00ec5b34-37c7-44da-8fb8-417e30e31a9c" entity-id="global" scope-id="global0"><value><true-value /></value><condition><or><attribute attr-id="c5fb25ff-a808-474d-b1f5-cfb227acc083" /><attribute attr-id="c5fb25ff-a808-474d-b1f5-cfb227acc083" /></or></condition><otherwise><false-value /></otherwise></conclude><conclude attr-id="c5fb25ff-a808-474d-b1f5-cfb227acc083" entity-id="global" scope-id="global0"><value><true-value /></value><condition><and><attribute attr-id="b0999a25-3f22-4f40-ad02-7f024f3b2625" /><attribute attr-id="ebc31d92-0b24-4e0e-a2e0-72c857f44d57" /><not><attribute attr-id="77ff7e4e-3105-4fed-b79a-b5165eb8cb1b" /></not><or><not><attribute attr-id="686acc96-07e2-40bc-a173-02f5cfed8024" /></not><attribute attr-id="5be68709-95fc-4218-962c-1cb7a8909d72" /></or></and></condition><otherwise><false-value /></otherwise></conclude><conclude attr-id="d2a83e23-6efa-4831-bc72-4e6cd23bc939" entity-id="global" scope-id="global0"><value><true-value /></value><condition><conclude attr-id="79d2cac3-469c-4f9c-a454-a08e7c2ef07b" entity-id="global" scope-id="global0"><value><true-value /></value><condition><or><attribute attr-id="4080f6e1-06f0-4bbe-a998-2132fbc4a6dd" /><attribute attr-id="95cab034-4430-490c-99c8-0ac97154a7ab" /></or></condition><otherwise><false-value /></otherwise></conclude></condition><otherwise><false-value /></otherwise></conclude></rules></rulebase>