<?xml version="1.0" encoding="utf-8"?><rulebase region="en-US" timezone="Etc/GMT"><entity text="Global" name="global" has-public-name="true" can-load-externally="false" singleton="true"><attribute name="44ab2e77-072e-4230-9c3c-b668565a9b17" has-public-name="false" type="Text"><enumeration-list ref-id="128e5a11-c1c6-4f9a-b755-0894e0ee3bca" /></attribute><attribute name="6948a391-a050-4073-8e1e-cbe3e96c7511" has-public-name="false" type="Text"><enumeration-list ref-id="585201cb-f2e4-4972-9ee9-685822043fdb" /></attribute><attribute name="c81738d2-5310-4793-82dd-e7dcebb638f4" has-public-name="false" type="Text"><enumeration-list ref-id="b5626b5d-05f3-4724-8348-c33f51b4acee" /></attribute><attribute name="e25f1b49-5eda-401c-89d2-1939ed6b6030" has-public-name="false" type="Text" invisible-if-unknown="true" silent-if-unknown="true"><enumeration-list ref-id="87c4b499-b4d6-4e34-ab14-78edf6bc4b12" /></attribute><attribute name="f783059c-e78d-4324-bb27-1844d6123e12" has-public-name="false" type="Boolean" /><attribute name="02037b16-6a95-43f5-bf8a-1a6e3b06d0fa" has-public-name="false" type="Boolean" /><attribute name="eba118f1-7d43-4ceb-a413-95a80f5eebc7" has-public-name="false" type="Boolean" /><attribute name="5a011b9a-933f-4690-9798-139adf3f1727" has-public-name="false" type="Boolean" /><attribute name="4fe7624b-235d-45eb-bf01-59873c3e15bb" has-public-name="false" type="Boolean" /><attribute name="399a030f-fa92-4752-b6f4-f8a4bb2ed66f" has-public-name="false" type="Boolean" /><attribute name="b7d67cc4-0bd4-460f-b797-a589f6d0cf9f" has-public-name="false" type="Boolean" /><attribute name="c8c2866f-8d6b-4e10-9a3b-7d9cc37b36ac" has-public-name="false" type="Boolean" /><attribute name="a8c1bfbf-314b-4ae2-b406-24cf9df35ba7" has-public-name="false" type="Boolean" /><attribute name="ac7c5d90-ffac-4404-98f9-4ab719de6ba5" has-public-name="false" type="Boolean" /><attribute name="e8839024-c624-48ba-aaae-490f15784961" has-public-name="false" type="Boolean" /><attribute name="b5d60d2e-5ab1-4fae-82d7-647983249129" has-public-name="false" type="Boolean" /><attribute name="e93da0a1-d784-40c0-acd6-48d31f8a5dd8" has-public-name="false" type="Boolean" /><attribute name="d1daa143-32b8-4bc9-ac16-3fa668ec60c6" has-public-name="false" type="Boolean" /><attribute name="8daeb65e-74e8-4796-9de6-8f33623838a2" has-public-name="false" type="Boolean" /><attribute name="501d206a-47a1-4599-a23a-db53fd4eb29c" has-public-name="false" type="Boolean" /><attribute name="9a1f5a4d-6014-4e87-ab2d-e3150108f882" has-public-name="false" type="Boolean" /><attribute name="ecf33727-7f1c-4cf9-96b3-f9a243cd096b" has-public-name="false" type="Boolean" /><attribute name="8966782b-6acc-4088-a2ea-2ff45216d2ab" has-public-name="false" type="Boolean" /><attribute name="4080f6e1-06f0-4bbe-a998-2132fbc4a6dd" has-public-name="false" type="Boolean" /><attribute name="95cab034-4430-490c-99c8-0ac97154a7ab" has-public-name="false" type="Boolean" /><attribute name="19c60818-56e0-4dbd-a779-0d5a4644377c" has-public-name="false" type="Boolean" /><attribute name="435391bd-7a81-4817-af3f-d7d0cd6a4ac4" has-public-name="false" type="Boolean" /><attribute name="da3554c5-839a-4b60-94aa-b004f7a4ead6" has-public-name="false" type="Boolean" /><attribute name="40bdd1f4-3134-4588-9215-46f8d876894c" has-public-name="false" type="Boolean" /><attribute name="aad44216-5cc7-4536-874b-d0b41d8f3983" has-public-name="false" type="Boolean" /><attribute name="224977ab-df1c-4840-acb1-ededb08be435" has-public-name="false" type="Boolean" /><attribute name="a7b132df-f082-4b79-b255-0539bbdeb2cc" has-public-name="false" type="Boolean" /><attribute name="eaf7096c-f858-426b-81be-0e925648e549" has-public-name="false" type="Boolean" /><attribute name="b0999a25-3f22-4f40-ad02-7f024f3b2625" has-public-name="false" type="Boolean" /><attribute name="ebc31d92-0b24-4e0e-a2e0-72c857f44d57" has-public-name="false" type="Boolean" /><attribute name="77ff7e4e-3105-4fed-b79a-b5165eb8cb1b" has-public-name="false" type="Boolean" /><attribute name="686acc96-07e2-40bc-a173-02f5cfed8024" has-public-name="false" type="Boolean" /><attribute name="5be68709-95fc-4218-962c-1cb7a8909d72" has-public-name="false" type="Boolean" /><attribute name="edc967bd-7223-4bd9-a5df-3cd28e07f727" has-public-name="false" type="Text" /><attribute name="ebe8f9ef-c483-4137-b7fa-026b6f033ee0" has-public-name="false" type="Boolean" /><attribute name="a50e8553-bf2e-42ee-8b8b-f461facce4dd" has-public-name="false" type="Boolean" /><attribute name="34efd2f0-3eaa-4a72-b65e-d580e428a410" has-public-name="false" type="Boolean" /><attribute name="095edb73-4e3a-4cc9-854c-70ec382fe1d5" has-public-name="false" type="Boolean" /><attribute name="0094e811-d6ea-4faa-84d2-9f5a8b16ad4f" has-public-name="false" type="Boolean" /><attribute name="bf9fcbfc-cadd-4fcd-a4de-a277d1f4781e" has-public-name="false" type="Boolean" /><attribute name="55580f34-ff61-435e-b680-3215a70db943" has-public-name="false" type="Boolean" /><attribute name="9f9b202e-9d32-4949-9bfd-29d55bb506d3" has-public-name="false" type="Boolean" /><attribute name="9855cea4-7a74-450f-a994-fa05851de588" has-public-name="false" type="Boolean" /><attribute name="484f1d58-7c03-4ae4-a0bc-4f2c1fd61e07" has-public-name="false" type="Boolean" /><attribute name="a07c11f2-32f8-481f-9872-982e65e5c01f" has-public-name="false" type="Boolean" /><attribute name="3670dd39-fac9-42a1-a030-2065220033b8" has-public-name="false" type="Boolean" /><attribute name="9ed741e2-67b1-4b5f-baf7-250866eb3f66" has-public-name="false" type="Boolean" /><attribute name="cdd30fe1-e4ba-456f-92b8-11a5ae7a3556" has-public-name="false" type="Text" /><attribute name="9408fa59-eab4-4348-b828-cd4c57d28b47" has-public-name="false" type="Text" /><attribute name="e48a07d5-78b2-4f44-a89b-81a5bbea5904" has-public-name="false" type="Text" /><attribute name="e42f0fa0-72ab-434a-b638-1f78f0a0a171" has-public-name="false" type="Number" /><attribute name="38acee86-b513-4c72-9775-67d786c451e0" has-public-name="false" type="Boolean" /><attribute name="981632fa-0344-4be9-ba10-0c0366676a37" has-public-name="false" type="Text" /><attribute name="9fb31cee-2180-4880-9bbb-f84fce3b2e8b" has-public-name="false" type="Text" /><attribute name="cae97438-92eb-4514-9bc5-2576696d4a3d" has-public-name="false" type="Text" /><attribute name="22ef56a7-f100-4c76-af52-bc3343b9e2de" has-public-name="false" type="Text" /><attribute name="45a7c984-4a1c-40e2-b16c-b11edfc6080c" has-public-name="false" type="Text" /><attribute name="b0fb4046-7af7-4b59-b86c-d7e1e73d1f41" has-public-name="false" type="Number" /><attribute name="35b9a775-dd42-44f0-b48d-9cf3eba95935" has-public-name="false" type="Number" /><attribute name="2ba21c30-b20e-48aa-9f88-e4d4f66d8784" has-public-name="false" type="Text" /><attribute name="b0b1c1a4-e262-4839-ae86-480352cbe488" has-public-name="false" type="Number" /><attribute name="ccef5202-b011-4d73-945e-47c45659c167" has-public-name="false" type="Date" /><attribute name="3800ad92-a430-424a-ae60-e7be1543de65" has-public-name="false" type="Date" /><attribute name="457548e9-e6f9-4756-9fa9-86f0eb31cbe2" has-public-name="false" type="Currency" /><attribute name="833ae112-cb77-4297-a98b-e621cc78e483" has-public-name="false" type="Text"><enumeration-list ref-id="2a7ceb7d-5fdd-487d-a7a1-d765f61bdb04" /></attribute><attribute name="50d75371-b0f1-4674-82dc-ab81f33e0519" has-public-name="false" type="Text" /><attribute name="c379c6d3-9fce-4b45-949f-167aa5cc04d4" has-public-name="false" type="Text" /><attribute name="f143f263-bc56-4d68-abea-7e57665f1297" has-public-name="false" type="Date" /><attribute name="977bbeda-af1c-4a72-83e2-8b5a66b03953" has-public-name="false" type="Number" /><attribute name="50ee7866-8a0e-427e-b4bd-c8796a340c99" has-public-name="false" type="Number" /><attribute name="917f5475-01b9-48b9-9ea8-df82f5b61df9" has-public-name="false" type="Number" min-value="8" max-value="10" /><attribute name="f7ea149d-fc5a-4b63-bf50-494774e28379" has-public-name="false" type="Text" /><attribute name="b3cbcb96-6331-4297-b053-6dd931e8199e" has-public-name="false" type="Text" /><attribute name="8e454912-ca5b-40df-8aef-d9a98f963797" has-public-name="false" type="Text" /><attribute name="09635919-6d6e-4dc2-97a8-9fd93f908f34" has-public-name="false" type="Text" /><attribute name="dbf70d76-34ea-4390-abfe-fb7251d6216a" has-public-name="false" type="Number" /><attribute name="2db25ac9-a7ec-4a78-9d80-4740a5f27b5b" has-public-name="false" type="Number" /><attribute name="deeac8a1-fe91-4c31-987e-16d4c5e65668" has-public-name="false" type="Text" /><attribute name="89cf7eeb-b6f1-49a2-ba78-fcfd3c95b1e4" has-public-name="false" type="Text" /><attribute name="fadf1d12-4bce-48f0-88e4-836eb69ee7f1" has-public-name="false" type="Text" /><attribute name="e40ee1f9-8a3c-4bbf-a691-07dfd0f17c9a" has-public-name="false" type="Text" /><attribute name="e785dc79-5881-400e-9004-df90afa09ef9" has-public-name="false" type="Number" /><attribute name="3a5c4c74-42aa-4b71-9ce3-5de1e1eed649" has-public-name="false" type="Number" /><attribute name="04aab979-8602-4dcc-9643-2460d95eb960" has-public-name="false" type="Text" /><attribute name="1ce0e4ee-6702-482f-b294-2e334ae16553" has-public-name="false" type="Text" /><attribute name="b42cdb5c-a393-41fc-b214-559b050b3476" has-public-name="false" type="Text" /><attribute name="e7caf8bf-ba83-402d-876f-9c145bd653d0" has-public-name="false" type="Text" /><attribute name="4dbf290c-7ecc-456a-9c13-d0d1666076f0" has-public-name="false" type="Number" /><attribute name="602b5ca8-1184-40a7-9766-75d47973b215" has-public-name="false" type="Currency" /><attribute name="d79ea734-d0bb-4b7f-95f9-ec9a0c0fcbdc" has-public-name="false" type="Text" /><attribute name="f6328175-f97d-4a9e-b211-c562aedfb167" has-public-name="false" type="Text" /><attribute name="5581ae18-dfae-48a1-ac07-b6f1a715c519" has-public-name="false" type="Number" /><attribute name="576d357f-220b-48e0-93c6-b5aadc9c6261" has-public-name="false" type="Number" /><attribute name="2888559e-1817-4df3-b5f0-62f674780e77" has-public-name="false" type="Date" /><attribute name="1e6d755f-8f22-46ef-80bd-24ba08cb9a96" has-public-name="false" type="Currency" /><attribute name="79d2cac3-469c-4f9c-a454-a08e7c2ef07b" has-public-name="false" type="Boolean" /><attribute name="a9827882-4644-4663-859d-22c2da663d02" has-public-name="false" type="Boolean" /><attribute name="4462beaf-d22c-47c1-ad5f-1035d660763f" has-public-name="false" type="Text" validate-regexp="@" /></entity><rules module="GST_AT_SETTLEMENT:767D5A7BAA0C5829481642CBE3E41F4D"><conclude attr-id="f783059c-e78d-4324-bb27-1844d6123e12" entity-id="global" scope-id="global0"><value><true-value /></value><condition><equals><attribute attr-id="edc967bd-7223-4bd9-a5df-3cd28e07f727" /><string-value>Purchaser</string-value></equals></condition><otherwise><false-value /></otherwise></conclude><conclude attr-id="02037b16-6a95-43f5-bf8a-1a6e3b06d0fa" entity-id="global" scope-id="global0"><value><true-value /></value><condition><equals><attribute attr-id="edc967bd-7223-4bd9-a5df-3cd28e07f727" /><string-value>Seller</string-value></equals></condition><otherwise><false-value /></otherwise></conclude><conclude attr-id="eba118f1-7d43-4ceb-a413-95a80f5eebc7" entity-id="global" scope-id="global0" tags="[Taxation Administration Act 1953 (Cth) 14-250]"><value><true-value /></value><condition><and><or><equals tags="[(1)(a)]"><attribute attr-id="44ab2e77-072e-4230-9c3c-b668565a9b17" /><string-value>Yes</string-value></equals><attribute attr-id="5a011b9a-933f-4690-9798-139adf3f1727" tags="[(1)(a)]" /></or><or><equals tags="[(2)]"><attribute attr-id="6948a391-a050-4073-8e1e-cbe3e96c7511" /><string-value>Yes</string-value></equals><attribute attr-id="4fe7624b-235d-45eb-bf01-59873c3e15bb" tags="[(2)]" /></or><or><equals tags="[(2)(a)]"><attribute attr-id="c81738d2-5310-4793-82dd-e7dcebb638f4" /><string-value>Yes</string-value></equals><attribute attr-id="399a030f-fa92-4752-b6f4-f8a4bb2ed66f" tags="[(2)(a)]" /></or><or><equals tags="[Tag]"><attribute attr-id="e25f1b49-5eda-401c-89d2-1939ed6b6030" /><string-value>No</string-value></equals><not tags="[Tag]"><attribute attr-id="b7d67cc4-0bd4-460f-b797-a589f6d0cf9f" /></not></or></and></condition><otherwise><false-value /></otherwise></conclude><conclude attr-id="5a011b9a-933f-4690-9798-139adf3f1727" entity-id="global" scope-id="global0" tags="[A New Tax System (Goods and Services Tax) Act 1999]"><value><true-value /></value><condition><and><attribute attr-id="c8c2866f-8d6b-4e10-9a3b-7d9cc37b36ac" tags="[s 184-1(1)]" /><attribute attr-id="a8c1bfbf-314b-4ae2-b406-24cf9df35ba7" tags="[s 9-5,195-1]" /><attribute attr-id="ac7c5d90-ffac-4404-98f9-4ab719de6ba5" tags="[s 9-20, 195-1]" /><attribute attr-id="e8839024-c624-48ba-aaae-490f15784961" tags="[s 9-25(4), 195-1; Taxation Ruling GSTD 2004/3 para 2]" /><attribute attr-id="b5d60d2e-5ab1-4fae-82d7-647983249129" tags="[s 57-20, 195-1, 144-5]" /><and><not tags="[Subdivision 40; Law Companion Ruling LCR 2018/4 para 15, 18]"><attribute attr-id="e93da0a1-d784-40c0-acd6-48d31f8a5dd8" /></not><not tags="[Subdivision 38]"><attribute attr-id="d1daa143-32b8-4bc9-ac16-3fa668ec60c6" /></not></and></and></condition><otherwise><false-value /></otherwise></conclude><conclude attr-id="4fe7624b-235d-45eb-bf01-59873c3e15bb" entity-id="global" scope-id="global0" tags="[A New Tax System (Goods and Services Tax) Act 1999]"><value><true-value /></value><condition><and><attribute attr-id="8daeb65e-74e8-4796-9de6-8f33623838a2" tags="[9-10]" /><or><attribute attr-id="501d206a-47a1-4599-a23a-db53fd4eb29c" tags="[Goods and Services Tax Ruling GSTR 2003/03 para 18]" /><attribute attr-id="9a1f5a4d-6014-4e87-ab2d-e3150108f882" tags="[s 195-1 definitions ‘long-term lease’]" /></or></and></condition><otherwise><false-value /></otherwise></conclude><conclude attr-id="ecf33727-7f1c-4cf9-96b3-f9a243cd096b" entity-id="global" scope-id="global0" tags="[A New Tax System (Goods and Services Tax) Act]"><value><true-value /></value><condition><and><attribute attr-id="8966782b-6acc-4088-a2ea-2ff45216d2ab" tags="[s 40-75]" /><and><not tags="[s 40-65(2)]"><attribute attr-id="4080f6e1-06f0-4bbe-a998-2132fbc4a6dd" /></not><not tags="[s 40-65(2)]"><attribute attr-id="95cab034-4430-490c-99c8-0ac97154a7ab" /></not></and></and></condition><otherwise><false-value /></otherwise></conclude><conclude attr-id="8966782b-6acc-4088-a2ea-2ff45216d2ab" entity-id="global" scope-id="global0"><value><true-value /></value><condition><or><attribute attr-id="19c60818-56e0-4dbd-a779-0d5a4644377c" tags="[s 40-75(1)(a)]" /><attribute attr-id="435391bd-7a81-4817-af3f-d7d0cd6a4ac4" tags="[s 40-75(1(c)]" /></or></condition><otherwise><false-value /></otherwise></conclude><conclude attr-id="b7d67cc4-0bd4-460f-b797-a589f6d0cf9f" entity-id="global" scope-id="global0"><value><false-value /></value><condition><or><attribute attr-id="da3554c5-839a-4b60-94aa-b004f7a4ead6" /><and><attribute attr-id="40bdd1f4-3134-4588-9215-46f8d876894c" /><attribute attr-id="aad44216-5cc7-4536-874b-d0b41d8f3983" /></and></or></condition><otherwise><true-value /></otherwise></conclude><conclude attr-id="399a030f-fa92-4752-b6f4-f8a4bb2ed66f" entity-id="global" scope-id="global0"><value><true-value /></value><condition><or><attribute attr-id="224977ab-df1c-4840-acb1-ededb08be435" /><attribute attr-id="a7b132df-f082-4b79-b255-0539bbdeb2cc" /></or></condition><otherwise><false-value /></otherwise></conclude><conclude attr-id="eaf7096c-f858-426b-81be-0e925648e549" entity-id="global" scope-id="global0"><value><true-value /></value><condition><and><attribute attr-id="b0999a25-3f22-4f40-ad02-7f024f3b2625" /><attribute attr-id="ebc31d92-0b24-4e0e-a2e0-72c857f44d57" /><not><attribute attr-id="77ff7e4e-3105-4fed-b79a-b5165eb8cb1b" /></not><or><not><attribute attr-id="686acc96-07e2-40bc-a173-02f5cfed8024" /></not><attribute attr-id="5be68709-95fc-4218-962c-1cb7a8909d72" /></or></and></condition><otherwise><false-value /></otherwise></conclude><conclude attr-id="ebe8f9ef-c483-4137-b7fa-026b6f033ee0" entity-id="global" scope-id="global0"><value><true-value /></value><condition><and><known><attribute attr-id="cdd30fe1-e4ba-456f-92b8-11a5ae7a3556" /></known><known><attribute attr-id="9408fa59-eab4-4348-b828-cd4c57d28b47" /></known><known><attribute attr-id="e48a07d5-78b2-4f44-a89b-81a5bbea5904" /></known><known><attribute attr-id="e42f0fa0-72ab-434a-b638-1f78f0a0a171" /></known><known><attribute attr-id="38acee86-b513-4c72-9775-67d786c451e0" /></known><known><attribute attr-id="981632fa-0344-4be9-ba10-0c0366676a37" /></known></and></condition><otherwise><false-value /></otherwise></conclude><conclude attr-id="a50e8553-bf2e-42ee-8b8b-f461facce4dd" entity-id="global" scope-id="global0"><value><true-value /></value><condition><and><known><attribute attr-id="9fb31cee-2180-4880-9bbb-f84fce3b2e8b" /></known><known><attribute attr-id="cae97438-92eb-4514-9bc5-2576696d4a3d" /></known><known><attribute attr-id="22ef56a7-f100-4c76-af52-bc3343b9e2de" /></known><known><attribute attr-id="45a7c984-4a1c-40e2-b16c-b11edfc6080c" /></known><known><attribute attr-id="b0fb4046-7af7-4b59-b86c-d7e1e73d1f41" /></known><known><attribute attr-id="35b9a775-dd42-44f0-b48d-9cf3eba95935" /></known><known><attribute attr-id="2ba21c30-b20e-48aa-9f88-e4d4f66d8784" /></known><known><attribute attr-id="b0b1c1a4-e262-4839-ae86-480352cbe488" /></known></and></condition><otherwise><false-value /></otherwise></conclude><conclude attr-id="34efd2f0-3eaa-4a72-b65e-d580e428a410" entity-id="global" scope-id="global0"><value><true-value /></value><condition><and><known><attribute attr-id="ccef5202-b011-4d73-945e-47c45659c167" /></known><known><attribute attr-id="3800ad92-a430-424a-ae60-e7be1543de65" /></known><known><attribute attr-id="457548e9-e6f9-4756-9fa9-86f0eb31cbe2" /></known></and></condition><otherwise><false-value /></otherwise></conclude><conclude attr-id="095edb73-4e3a-4cc9-854c-70ec382fe1d5" entity-id="global" scope-id="global0"><value><true-value /></value><condition><and><known><attribute attr-id="833ae112-cb77-4297-a98b-e621cc78e483" /></known><known><attribute attr-id="50d75371-b0f1-4674-82dc-ab81f33e0519" /></known><known><attribute attr-id="c379c6d3-9fce-4b45-949f-167aa5cc04d4" /></known><known><attribute attr-id="f143f263-bc56-4d68-abea-7e57665f1297" /></known><known><attribute attr-id="977bbeda-af1c-4a72-83e2-8b5a66b03953" /></known><known><attribute attr-id="50ee7866-8a0e-427e-b4bd-c8796a340c99" /></known><known><attribute attr-id="917f5475-01b9-48b9-9ea8-df82f5b61df9" /></known><known><attribute attr-id="f7ea149d-fc5a-4b63-bf50-494774e28379" /></known><known><attribute attr-id="b3cbcb96-6331-4297-b053-6dd931e8199e" /></known><known><attribute attr-id="8e454912-ca5b-40df-8aef-d9a98f963797" /></known><known><attribute attr-id="09635919-6d6e-4dc2-97a8-9fd93f908f34" /></known><known><attribute attr-id="dbf70d76-34ea-4390-abfe-fb7251d6216a" /></known><known><attribute attr-id="2db25ac9-a7ec-4a78-9d80-4740a5f27b5b" /></known><known><attribute attr-id="deeac8a1-fe91-4c31-987e-16d4c5e65668" /></known><known><attribute attr-id="50ee7866-8a0e-427e-b4bd-c8796a340c99" /></known></and></condition><otherwise><false-value /></otherwise></conclude><conclude attr-id="0094e811-d6ea-4faa-84d2-9f5a8b16ad4f" entity-id="global" scope-id="global0"><value><true-value /></value><condition><and><known><attribute attr-id="89cf7eeb-b6f1-49a2-ba78-fcfd3c95b1e4" /></known><known><attribute attr-id="fadf1d12-4bce-48f0-88e4-836eb69ee7f1" /></known><known><attribute attr-id="e40ee1f9-8a3c-4bbf-a691-07dfd0f17c9a" /></known><known><attribute attr-id="e785dc79-5881-400e-9004-df90afa09ef9" /></known><known><attribute attr-id="3a5c4c74-42aa-4b71-9ce3-5de1e1eed649" /></known><known><attribute attr-id="04aab979-8602-4dcc-9643-2460d95eb960" /></known><known><attribute attr-id="1ce0e4ee-6702-482f-b294-2e334ae16553" /></known><known><attribute attr-id="b42cdb5c-a393-41fc-b214-559b050b3476" /></known><known><attribute attr-id="e7caf8bf-ba83-402d-876f-9c145bd653d0" /></known><known><attribute attr-id="4dbf290c-7ecc-456a-9c13-d0d1666076f0" /></known><known><attribute attr-id="602b5ca8-1184-40a7-9766-75d47973b215" /></known><known><attribute attr-id="d79ea734-d0bb-4b7f-95f9-ec9a0c0fcbdc" /></known></and></condition><otherwise><false-value /></otherwise></conclude><conclude attr-id="bf9fcbfc-cadd-4fcd-a4de-a277d1f4781e" entity-id="global" scope-id="global0"><value><true-value /></value><condition><attribute attr-id="55580f34-ff61-435e-b680-3215a70db943" /></condition><otherwise><false-value /></otherwise></conclude><conclude attr-id="9f9b202e-9d32-4949-9bfd-29d55bb506d3" entity-id="global" scope-id="global0"><value><true-value /></value><condition><and><attribute attr-id="9855cea4-7a74-450f-a994-fa05851de588" /><attribute attr-id="484f1d58-7c03-4ae4-a0bc-4f2c1fd61e07" /><known><attribute attr-id="f6328175-f97d-4a9e-b211-c562aedfb167" /></known></and></condition><otherwise><false-value /></otherwise></conclude><conclude attr-id="a07c11f2-32f8-481f-9872-982e65e5c01f" entity-id="global" scope-id="global0"><value><true-value /></value><condition><attribute attr-id="55580f34-ff61-435e-b680-3215a70db943" /></condition><otherwise><false-value /></otherwise></conclude><conclude attr-id="3670dd39-fac9-42a1-a030-2065220033b8" entity-id="global" scope-id="global0"><value><true-value /></value><condition><and><known><attribute attr-id="cdd30fe1-e4ba-456f-92b8-11a5ae7a3556" /></known><known><attribute attr-id="9408fa59-eab4-4348-b828-cd4c57d28b47" /></known><known><attribute attr-id="e48a07d5-78b2-4f44-a89b-81a5bbea5904" /></known><known><attribute attr-id="e42f0fa0-72ab-434a-b638-1f78f0a0a171" /></known><known><attribute attr-id="38acee86-b513-4c72-9775-67d786c451e0" /></known><known><attribute attr-id="981632fa-0344-4be9-ba10-0c0366676a37" /></known></and></condition><otherwise><false-value /></otherwise></conclude><conclude attr-id="9ed741e2-67b1-4b5f-baf7-250866eb3f66" entity-id="global" scope-id="global0"><value><true-value /></value><condition><and><known><attribute attr-id="5581ae18-dfae-48a1-ac07-b6f1a715c519" /></known><known><attribute attr-id="576d357f-220b-48e0-93c6-b5aadc9c6261" /></known><known><attribute attr-id="2888559e-1817-4df3-b5f0-62f674780e77" /></known><known><attribute attr-id="1e6d755f-8f22-46ef-80bd-24ba08cb9a96" /></known></and></condition><otherwise><false-value /></otherwise></conclude></rules></rulebase>