﻿<?xml version="1.0" encoding="utf-8"?>
<enumerations product-version="12.2.12.131" xml:lang="en-US" region="en-US">
  <enumeration id="128e5a11-c1c6-4f9a-b755-0894e0ee3bca" name="Recipient_Taxable_Supply" data-type="text">
    <val is-uncertain="true" node-depth="0" display-name="" />
    <val value="Yes" node-depth="0" display-name="Yes" />
    <val value="No" node-depth="0" display-name="No" />
    <val value="More Info" node-depth="0" display-name="More Info" />
  </enumeration>
  <enumeration id="585201cb-f2e4-4972-9ee9-685822043fdb" name="Sale_Or_Long_Term_Lease" data-type="text">
    <val is-uncertain="true" node-depth="0" display-name="" />
    <val value="Yes" node-depth="0" display-name="Yes" />
    <val value="No" node-depth="0" display-name="No" />
    <val value="More Info" node-depth="0" display-name="More Info" />
  </enumeration>
  <enumeration id="b5626b5d-05f3-4724-8348-c33f51b4acee" name="New_Residential_Premise_Or_Potential_Residential_Land" data-type="text">
    <val is-uncertain="true" node-depth="0" display-name="" />
    <val value="Yes" node-depth="0" display-name="Yes" />
    <val value="No" node-depth="0" display-name="No" />
    <val value="More Info" node-depth="0" display-name="More Info" />
  </enumeration>
  <enumeration id="87c4b499-b4d6-4e34-ab14-78edf6bc4b12" name="Transitonal_Rules" data-type="text">
    <val is-uncertain="true" node-depth="0" display-name="" />
    <val value="Yes" node-depth="0" display-name="Yes" />
    <val value="No" node-depth="0" display-name="No" />
    <val value="More Info" node-depth="0" display-name="More Info" />
  </enumeration>
  <enumeration id="2a7ceb7d-5fdd-487d-a7a1-d765f61bdb04" name="Entity Type" data-type="text">
    <val is-uncertain="true" node-depth="0" display-name="" />
    <val value="Individual" node-depth="0" display-name="Individual" />
    <val value="Non-individual" node-depth="0" display-name="Non-individual" />
  </enumeration>
</enumerations>