<?xml version="1.0" encoding="utf-8"?><rulebase region="en-US" timezone="Etc/GMT"><entity text="Global" name="global" has-public-name="true" singleton="true"><attribute name="applicant_title" has-public-name="true" type="Text" /><attribute name="applicant_first_name" has-public-name="true" type="Text" /><attribute name="applicant_last_name" has-public-name="true" type="Text" /><attribute name="applicant_phone_number" has-public-name="true" type="Number" /><attribute name="applicant_email" has-public-name="true" type="Text" /><attribute name="property_type" has-public-name="true" type="Text" /><attribute name="property_address" has-public-name="true" type="Text" /><attribute name="property_suburb_town" has-public-name="true" type="Text" /><attribute name="property_state_territory" has-public-name="true" type="Text" /><attribute name="property_postcode" has-public-name="true" type="Number" /><attribute name="property_lot" has-public-name="true" type="Number" /><attribute name="property_plan" has-public-name="true" type="Text" /><attribute name="property_plan_type" has-public-name="true" type="Number" /><attribute name="contract_date" has-public-name="true" type="Date" /><attribute name="expected_settlement_date" has-public-name="true" type="Date" /><attribute name="contract_price" has-public-name="true" type="Currency" /><attribute name="applicant_status_purchaserorrep" has-public-name="true" type="Text" /><attribute name="lodegement_reference_number" has-public-name="true" type="Number" /><attribute name="settlement_date" has-public-name="true" type="Date" /><attribute name="total_withholding_amount" has-public-name="true" type="Currency" /><attribute name="44ab2e77-072e-4230-9c3c-b668565a9b17" has-public-name="false" type="Boolean" /><attribute name="21cbc882-3c63-421c-bb92-3fc6ec5e02c8" has-public-name="false" type="Boolean" /><attribute name="c07e44d5-7e31-4c47-b839-6c91dd4122ba" has-public-name="false" type="Boolean" /><attribute name="5be68709-95fc-4218-962c-1cb7a8909d72" has-public-name="false" type="Boolean" /><attribute name="686acc96-07e2-40bc-a173-02f5cfed8024" has-public-name="false" type="Boolean" /><attribute name="a9827882-4644-4663-859d-22c2da663d02" has-public-name="false" type="Boolean" /><attribute name="40bdd1f4-3134-4588-9215-46f8d876894c" has-public-name="false" type="Boolean" /><attribute name="7ebc9479-7749-4808-98bd-ee55e5ee5c0c" has-public-name="false" type="Boolean" /><attribute name="5f602fe5-1240-4bc6-8636-7d54ed29a7d3" has-public-name="false" type="Boolean" /><attribute name="5bca7fa3-2d32-4adc-aed6-ebf3985330d9" has-public-name="false" type="Boolean" /><attribute name="09be08e0-67e1-450a-9f9a-4ddeac58d225" has-public-name="false" type="Boolean" /><attribute name="d9b91e56-dae4-46df-854e-053b51aa7aee" has-public-name="false" type="Boolean" /><attribute name="bd5aa506-d8d1-4b58-899b-648e2f484a3a" has-public-name="false" type="Boolean" /><attribute name="63e97108-02d0-4074-9626-1e56a00c2643" has-public-name="false" type="Boolean" /><attribute name="484f1d58-7c03-4ae4-a0bc-4f2c1fd61e07" has-public-name="false" type="Boolean" /><attribute name="2d09376a-1d80-416c-973c-2334bc0818a4" has-public-name="false" type="Boolean" /><attribute name="97617ddb-bed2-47d1-9bc6-98ea3a1d80f8" has-public-name="false" type="Boolean" /><attribute name="685af505-8b6a-4dc7-a946-d0544a59a466" has-public-name="false" type="Boolean" /><attribute name="38acee86-b513-4c72-9775-67d786c451e0" has-public-name="false" type="Boolean" /><attribute name="576d357f-220b-48e0-93c6-b5aadc9c6261" has-public-name="false" type="Number" /><attribute name="f783059c-e78d-4324-bb27-1844d6123e12" has-public-name="false" type="Boolean" /><attribute name="02037b16-6a95-43f5-bf8a-1a6e3b06d0fa" has-public-name="false" type="Boolean" /><attribute name="6948a391-a050-4073-8e1e-cbe3e96c7511" has-public-name="false" type="Boolean" /><attribute name="99c00618-af7e-4903-bb7f-0bef5a482fd3" has-public-name="false" type="Boolean" /><attribute name="c81738d2-5310-4793-82dd-e7dcebb638f4" has-public-name="false" type="Boolean" /><attribute name="7845b85c-22ea-468e-8f0d-7a40b0bae6c0" has-public-name="false" type="Boolean" /><attribute name="e25f1b49-5eda-401c-89d2-1939ed6b6030" has-public-name="false" type="Boolean" /><attribute name="b7d67cc4-0bd4-460f-b797-a589f6d0cf9f" has-public-name="false" type="Boolean" /><attribute name="751a0e9a-254c-4668-a0e6-65dda68d2b1a" has-public-name="false" type="Boolean" /><attribute name="e93da0a1-d784-40c0-acd6-48d31f8a5dd8" has-public-name="false" type="Boolean" /><attribute name="d1daa143-32b8-4bc9-ac16-3fa668ec60c6" has-public-name="false" type="Boolean" /><attribute name="da3554c5-839a-4b60-94aa-b004f7a4ead6" has-public-name="false" type="Boolean" /><attribute name="aad44216-5cc7-4536-874b-d0b41d8f3983" has-public-name="false" type="Boolean" /><attribute name="61197d2d-1c2c-46c8-966b-567693f2b47b" has-public-name="false" type="Boolean" /><attribute name="b0999a25-3f22-4f40-ad02-7f024f3b2625" has-public-name="false" type="Boolean" /><attribute name="ebc31d92-0b24-4e0e-a2e0-72c857f44d57" has-public-name="false" type="Boolean" /><attribute name="77ff7e4e-3105-4fed-b79a-b5165eb8cb1b" has-public-name="false" type="Boolean" /><attribute name="59c8db05-373b-4909-8f38-d775c69c3678" has-public-name="false" type="Boolean" /><attribute name="79d2cac3-469c-4f9c-a454-a08e7c2ef07b" has-public-name="false" type="Boolean" /><attribute name="4080f6e1-06f0-4bbe-a998-2132fbc4a6dd" has-public-name="false" type="Boolean" /><attribute name="95cab034-4430-490c-99c8-0ac97154a7ab" has-public-name="false" type="Boolean" /><attribute name="edc967bd-7223-4bd9-a5df-3cd28e07f727" has-public-name="false" type="Text" /></entity><entity text="the purchaser" name="8910192f-a495-443d-ad81-a266cdb98d77" has-public-name="false" singleton="false" identifying-attribute-name="purchaser"><attribute name="purchaser" has-public-name="true" type="Text" /><attribute name="purchaser_first_name" has-public-name="true" type="Text" /><attribute name="purchaser_last_name" has-public-name="true" type="Text" /><attribute name="purchaser_phone_number" has-public-name="true" type="Number" /><attribute name="purchaser_entity_type" has-public-name="true" type="Text"><enumeration-list ref-id="2a7ceb7d-5fdd-487d-a7a1-d765f61bdb04" /></attribute><attribute name="purchaser_DOB" has-public-name="true" type="Date" /><attribute name="purchaser_ABN" has-public-name="true" type="Number" /><attribute name="purchaser_TFN" has-public-name="true" type="Number" /><attribute name="purchaser_country" has-public-name="true" type="Text" /><attribute name="purchaser_address" has-public-name="true" type="Text" /><attribute name="purchaser_suburb_town" has-public-name="true" type="Text" /><attribute name="purchaser_state_territory" has-public-name="true" type="Text" /><attribute name="purchaser_postcode" has-public-name="true" type="Number" /><attribute name="percentage_percentage_of_ownership" has-public-name="true" type="Number" /><attribute name="purchaser_entity_name" has-public-name="true" type="Text" /><attribute name="dccae84d-c447-48ef-a7bf-4f32ef16d68a" has-public-name="false" type="Boolean" /></entity><entity text="the supplier" name="225cad66-d338-4dd1-aa1e-05c818a52f2d" has-public-name="false" singleton="false" identifying-attribute-name="supplier"><attribute name="supplier" has-public-name="true" type="Text" /><attribute name="supplier_entity_type" has-public-name="true" type="Text"><enumeration-list ref-id="b05afa2b-ac03-4a50-87d0-863e4df2c617" /></attribute><attribute name="supplier_first_name" has-public-name="true" type="Text" /><attribute name="supplier_last_name" has-public-name="true" type="Text" /><attribute name="supplier_ABN" has-public-name="true" type="Number" /><attribute name="supplier_phone_number" has-public-name="true" type="Number" /><attribute name="supplier_country" has-public-name="true" type="Text" /><attribute name="supplier_address" has-public-name="true" type="Text" /><attribute name="supplier_suburb_town" has-public-name="true" type="Text" /><attribute name="supplier_state" has-public-name="true" type="Text" /><attribute name="supplier_postcode" has-public-name="true" type="Number" /><attribute name="supplier_withholding_amount" has-public-name="true" type="Currency" /><attribute name="supplier_entity_name" has-public-name="true" type="Text" /><attribute name="235f9ed5-804b-4177-a5b1-006f8ab9437b" has-public-name="false" type="Boolean" /></entity><relationship relationship-id="2ce27efb-474b-420a-a64a-791ca72e84a6" has-public-name="false" relationship-text="all instances of the purchaser" reverse-relationship-id="10235781-1f41-4c0d-8921-d6ea2253e8d0" has-reverse-public-name="false" source="global" target="8910192f-a495-443d-ad81-a266cdb98d77" silent-if-known="true" invisible-if-known="true" type="OneToMany" is-containment="true" /><relationship relationship-id="ebcefbc3-8406-4a83-85bf-f1d219d2f85a" has-public-name="false" relationship-text="all instances of the supplier" reverse-relationship-id="7911229e-5262-4436-a3c7-8aa269f25bb4" has-reverse-public-name="false" source="global" target="225cad66-d338-4dd1-aa1e-05c818a52f2d" silent-if-known="true" invisible-if-known="true" type="OneToMany" is-containment="true" /><rules module="GST_AT_SETTLEMENT:AC2699632ABEDD4364DB90A40B5ECBD2"><conclude attr-id="7ebc9479-7749-4808-98bd-ee55e5ee5c0c" entity-id="global" scope-id="global0"><value><true-value /></value><condition><and><known><attribute attr-id="applicant_status_purchaserorrep" /></known><known><attribute attr-id="applicant_title" /></known><known><attribute attr-id="applicant_first_name" /></known><known><attribute attr-id="applicant_last_name" /></known><known><attribute attr-id="applicant_phone_number" /></known><known><attribute attr-id="38acee86-b513-4c72-9775-67d786c451e0" /></known><known><attribute attr-id="applicant_email" /></known></and></condition><otherwise><false-value /></otherwise></conclude><conclude attr-id="5f602fe5-1240-4bc6-8636-7d54ed29a7d3" entity-id="global" scope-id="global0"><value><true-value /></value><condition><and><known><attribute attr-id="property_type" /></known><known><attribute attr-id="property_address" /></known><known><attribute attr-id="property_suburb_town" /></known><known><attribute attr-id="property_state_territory" /></known><known><attribute attr-id="property_postcode" /></known><known><attribute attr-id="property_lot" /></known><known><attribute attr-id="property_plan" /></known><known><attribute attr-id="property_plan_type" /></known></and></condition><otherwise><false-value /></otherwise></conclude><conclude attr-id="5bca7fa3-2d32-4adc-aed6-ebf3985330d9" entity-id="global" scope-id="global0"><value><true-value /></value><condition><and><known><attribute attr-id="contract_date" /></known><known><attribute attr-id="expected_settlement_date" /></known><known><attribute attr-id="contract_price" /></known></and></condition><otherwise><false-value /></otherwise></conclude><conclude attr-id="dccae84d-c447-48ef-a7bf-4f32ef16d68a" entity-id="8910192f-a495-443d-ad81-a266cdb98d77" scope-id="ent0_0"><value><true-value /></value><condition><and><known><attribute attr-id="purchaser_entity_type" /></known><known><attribute attr-id="purchaser_first_name" /></known><known><attribute attr-id="purchaser_last_name" /></known><known><attribute attr-id="purchaser_DOB" /></known><known><attribute attr-id="purchaser_ABN" /></known><known><attribute attr-id="purchaser_TFN" /></known><known><attribute attr-id="purchaser_phone_number" /></known><known><attribute attr-id="purchaser_country" /></known><known><attribute attr-id="purchaser_address" /></known><known><attribute attr-id="purchaser_suburb_town" /></known><known><attribute attr-id="purchaser_state_territory" /></known><known><attribute attr-id="purchaser_postcode" /></known><known><attribute attr-id="percentage_percentage_of_ownership" /></known><known><attribute attr-id="purchaser_entity_name" /></known><known><attribute attr-id="purchaser_TFN" /></known></and></condition><otherwise><false-value /></otherwise></conclude><conclude attr-id="235f9ed5-804b-4177-a5b1-006f8ab9437b" entity-id="225cad66-d338-4dd1-aa1e-05c818a52f2d" scope-id="ent1_0"><value><true-value /></value><condition><and><known><attribute attr-id="supplier_entity_type" /></known><known><attribute attr-id="supplier_first_name" /></known><known><attribute attr-id="supplier_last_name" /></known><known><attribute attr-id="supplier_ABN" /></known><known><attribute attr-id="supplier_phone_number" /></known><known><attribute attr-id="supplier_country" /></known><known><attribute attr-id="supplier_address" /></known><known><attribute attr-id="supplier_suburb_town" /></known><known><attribute attr-id="supplier_state" /></known><known><attribute attr-id="supplier_postcode" /></known><known><attribute attr-id="supplier_withholding_amount" /></known><known><attribute attr-id="supplier_entity_name" /></known></and></condition><otherwise><false-value /></otherwise></conclude><conclude attr-id="09be08e0-67e1-450a-9f9a-4ddeac58d225" entity-id="global" scope-id="global0"><value><true-value /></value><condition><attribute attr-id="d9b91e56-dae4-46df-854e-053b51aa7aee" /></condition><otherwise><false-value /></otherwise></conclude><conclude attr-id="bd5aa506-d8d1-4b58-899b-648e2f484a3a" entity-id="global" scope-id="global0"><value><true-value /></value><condition><and><attribute attr-id="63e97108-02d0-4074-9626-1e56a00c2643" /><attribute attr-id="484f1d58-7c03-4ae4-a0bc-4f2c1fd61e07" /><known><attribute attr-id="applicant_status_purchaserorrep" /></known></and></condition><otherwise><false-value /></otherwise></conclude><conclude attr-id="2d09376a-1d80-416c-973c-2334bc0818a4" entity-id="global" scope-id="global0"><value><true-value /></value><condition><attribute attr-id="d9b91e56-dae4-46df-854e-053b51aa7aee" /></condition><otherwise><false-value /></otherwise></conclude><conclude attr-id="97617ddb-bed2-47d1-9bc6-98ea3a1d80f8" entity-id="global" scope-id="global0"><value><true-value /></value><condition><and><known><attribute attr-id="applicant_title" /></known><known><attribute attr-id="applicant_first_name" /></known><known><attribute attr-id="applicant_last_name" /></known><known><attribute attr-id="applicant_phone_number" /></known><known><attribute attr-id="38acee86-b513-4c72-9775-67d786c451e0" /></known><known><attribute attr-id="applicant_email" /></known></and></condition><otherwise><false-value /></otherwise></conclude><conclude attr-id="685af505-8b6a-4dc7-a946-d0544a59a466" entity-id="global" scope-id="global0"><value><true-value /></value><condition><and><known><attribute attr-id="lodegement_reference_number" /></known><known><attribute attr-id="576d357f-220b-48e0-93c6-b5aadc9c6261" /></known><known><attribute attr-id="settlement_date" /></known><known><attribute attr-id="total_withholding_amount" /></known></and></condition><otherwise><false-value /></otherwise></conclude><conclude attr-id="f783059c-e78d-4324-bb27-1844d6123e12" entity-id="global" scope-id="global0"><value><true-value /></value><condition><equals><attribute attr-id="edc967bd-7223-4bd9-a5df-3cd28e07f727" /><string-value>Purchaser</string-value></equals></condition><otherwise><false-value /></otherwise></conclude><conclude attr-id="02037b16-6a95-43f5-bf8a-1a6e3b06d0fa" entity-id="global" scope-id="global0"><value><true-value /></value><condition><equals><attribute attr-id="edc967bd-7223-4bd9-a5df-3cd28e07f727" /><string-value>Seller</string-value></equals></condition><otherwise><false-value /></otherwise></conclude><conclude attr-id="c07e44d5-7e31-4c47-b839-6c91dd4122ba" entity-id="global" scope-id="global0"><value><true-value /></value><condition><and><or><attribute attr-id="44ab2e77-072e-4230-9c3c-b668565a9b17" /><attribute attr-id="21cbc882-3c63-421c-bb92-3fc6ec5e02c8" /></or><or><attribute attr-id="6948a391-a050-4073-8e1e-cbe3e96c7511" /><attribute attr-id="99c00618-af7e-4903-bb7f-0bef5a482fd3" /></or><or><attribute attr-id="c81738d2-5310-4793-82dd-e7dcebb638f4" /><attribute attr-id="7845b85c-22ea-468e-8f0d-7a40b0bae6c0" /></or><or><attribute attr-id="e25f1b49-5eda-401c-89d2-1939ed6b6030" /><not><attribute attr-id="b7d67cc4-0bd4-460f-b797-a589f6d0cf9f" /></not></or></and></condition><otherwise><false-value /></otherwise></conclude><conclude attr-id="21cbc882-3c63-421c-bb92-3fc6ec5e02c8" entity-id="global" scope-id="global0"><value><false-value /></value><condition><or><not><attribute attr-id="751a0e9a-254c-4668-a0e6-65dda68d2b1a" /></not><attribute attr-id="e93da0a1-d784-40c0-acd6-48d31f8a5dd8" /><attribute attr-id="d1daa143-32b8-4bc9-ac16-3fa668ec60c6" /></or></condition><otherwise><true-value /></otherwise></conclude><conclude attr-id="b7d67cc4-0bd4-460f-b797-a589f6d0cf9f" entity-id="global" scope-id="global0"><value><false-value /></value><condition><or><attribute attr-id="da3554c5-839a-4b60-94aa-b004f7a4ead6" /><and><attribute attr-id="40bdd1f4-3134-4588-9215-46f8d876894c" /><attribute attr-id="aad44216-5cc7-4536-874b-d0b41d8f3983" /></and></or></condition><otherwise><true-value /></otherwise></conclude><conclude attr-id="7845b85c-22ea-468e-8f0d-7a40b0bae6c0" entity-id="global" scope-id="global0"><value><true-value /></value><condition><or><attribute attr-id="61197d2d-1c2c-46c8-966b-567693f2b47b" /><attribute attr-id="61197d2d-1c2c-46c8-966b-567693f2b47b" /></or></condition><otherwise><false-value /></otherwise></conclude><conclude attr-id="61197d2d-1c2c-46c8-966b-567693f2b47b" entity-id="global" scope-id="global0"><value><true-value /></value><condition><and><attribute attr-id="b0999a25-3f22-4f40-ad02-7f024f3b2625" /><attribute attr-id="ebc31d92-0b24-4e0e-a2e0-72c857f44d57" /><not><attribute attr-id="77ff7e4e-3105-4fed-b79a-b5165eb8cb1b" /></not><or><not><attribute attr-id="686acc96-07e2-40bc-a173-02f5cfed8024" /></not><attribute attr-id="5be68709-95fc-4218-962c-1cb7a8909d72" /></or></and></condition><otherwise><false-value /></otherwise></conclude><conclude attr-id="59c8db05-373b-4909-8f38-d775c69c3678" entity-id="global" scope-id="global0"><value><true-value /></value><condition><conclude attr-id="79d2cac3-469c-4f9c-a454-a08e7c2ef07b" entity-id="global" scope-id="global0"><value><true-value /></value><condition><or><attribute attr-id="4080f6e1-06f0-4bbe-a998-2132fbc4a6dd" /><attribute attr-id="95cab034-4430-490c-99c8-0ac97154a7ab" /></or></condition><otherwise><false-value /></otherwise></conclude></condition><otherwise><false-value /></otherwise></conclude></rules></rulebase>