<?xml version="1.0" encoding="utf-8"?><rulebase region="en-US" timezone="Etc/GMT"><entity text="Global" name="global" has-public-name="true" singleton="true"><attribute name="f783059c-e78d-4324-bb27-1844d6123e12" has-public-name="false" type="Boolean" /><attribute name="02037b16-6a95-43f5-bf8a-1a6e3b06d0fa" has-public-name="false" type="Boolean" /><attribute name="c07e44d5-7e31-4c47-b839-6c91dd4122ba" has-public-name="false" type="Boolean" /><attribute name="4a7623e4-6820-455b-8b73-3f5204485866" has-public-name="false" type="Boolean" /><attribute name="4fe7624b-235d-45eb-bf01-59873c3e15bb" has-public-name="false" type="Boolean" /><attribute name="2e322da1-6734-4996-af32-4bc62bf8717a" has-public-name="false" type="Boolean" /><attribute name="35360f48-253b-421c-8bb2-0a88a362b549" has-public-name="false" type="Boolean" /><attribute name="751a0e9a-254c-4668-a0e6-65dda68d2b1a" has-public-name="false" type="Boolean" /><attribute name="e93da0a1-d784-40c0-acd6-48d31f8a5dd8" has-public-name="false" type="Boolean" /><attribute name="d1daa143-32b8-4bc9-ac16-3fa668ec60c6" has-public-name="false" type="Boolean" /><attribute name="f7b68549-fe94-47a4-9882-95daa29b9c07" has-public-name="false" type="Boolean" /><attribute name="a28884b7-2e30-4402-bbb6-c2badc5d8ad4" has-public-name="false" type="Boolean" /><attribute name="4080f6e1-06f0-4bbe-a998-2132fbc4a6dd" has-public-name="false" type="Boolean" /><attribute name="95cab034-4430-490c-99c8-0ac97154a7ab" has-public-name="false" type="Boolean" /></entity><rules module="GST_AT_SETTLEMENT:07A06DDEC659F10B63F6893C2022BBAC"><conclude attr-id="f783059c-e78d-4324-bb27-1844d6123e12" entity-id="global" scope-id="global0"><value><true-value /></value><condition><attribute attr-id="f783059c-e78d-4324-bb27-1844d6123e12" /></condition><otherwise><false-value /></otherwise></conclude><conclude attr-id="02037b16-6a95-43f5-bf8a-1a6e3b06d0fa" entity-id="global" scope-id="global0"><value><true-value /></value><condition><not><attribute attr-id="f783059c-e78d-4324-bb27-1844d6123e12" /></not></condition><otherwise><false-value /></otherwise></conclude><conclude attr-id="c07e44d5-7e31-4c47-b839-6c91dd4122ba" entity-id="global" scope-id="global0"><value><true-value /></value><condition><and><attribute attr-id="4a7623e4-6820-455b-8b73-3f5204485866" /><attribute attr-id="4fe7624b-235d-45eb-bf01-59873c3e15bb" /><or><attribute attr-id="2e322da1-6734-4996-af32-4bc62bf8717a" /></or></and></condition><otherwise><false-value /></otherwise></conclude><conclude attr-id="4a7623e4-6820-455b-8b73-3f5204485866" entity-id="global" scope-id="global0"><value><true-value /></value><condition><conclude attr-id="35360f48-253b-421c-8bb2-0a88a362b549" entity-id="global" scope-id="global0"><value><true-value /></value><condition><or><not><attribute attr-id="751a0e9a-254c-4668-a0e6-65dda68d2b1a" /></not><attribute attr-id="e93da0a1-d784-40c0-acd6-48d31f8a5dd8" /><attribute attr-id="d1daa143-32b8-4bc9-ac16-3fa668ec60c6" /></or></condition><otherwise><false-value /></otherwise></conclude></condition><otherwise><false-value /></otherwise></conclude><conclude attr-id="f7b68549-fe94-47a4-9882-95daa29b9c07" entity-id="global" scope-id="global0"><value><true-value /></value><condition><conclude attr-id="a28884b7-2e30-4402-bbb6-c2badc5d8ad4" entity-id="global" scope-id="global0"><value><true-value /></value><condition><or><attribute attr-id="4080f6e1-06f0-4bbe-a998-2132fbc4a6dd" /><attribute attr-id="95cab034-4430-490c-99c8-0ac97154a7ab" /></or></condition><otherwise><false-value /></otherwise></conclude></condition><otherwise><false-value /></otherwise></conclude></rules></rulebase>