<?xml version="1.0" encoding="utf-8"?><rulebase region="en-US" timezone="Etc/GMT"><entity text="Global" name="global" has-public-name="true" singleton="true"><attribute name="99324694-1026-41ff-9522-802957a84ac7" has-public-name="false" type="Boolean" /><attribute name="70a885e1-099a-43b8-8810-84904b48aade" has-public-name="false" type="Boolean" /><attribute name="837484e0-cd39-4110-bb42-8b0fbd753f64" has-public-name="false" type="Boolean" /><attribute name="82c025bf-7bcc-4adb-aad0-166d19d49740" has-public-name="false" type="Boolean" /><attribute name="6d248139-f23b-4b09-8161-06ddc68f819f" has-public-name="false" type="Boolean" /><attribute name="c6f8b9b8-11b3-4a66-8cd4-6e4bc41eb5df" has-public-name="false" type="Boolean" /><attribute name="8080f649-e829-4566-a4c9-59edc725f260" has-public-name="false" type="Boolean" /><attribute name="a8d0ee3a-008c-41f8-b4aa-a7f8c328b355" has-public-name="false" type="Boolean" /><attribute name="b34b9340-00b7-4db2-9b6c-ca9b6242db0c" has-public-name="false" type="Boolean" /></entity><rules module="GST_AT_SETTLEMENT:D904DE2D478EE1CC7DA104424D180D86"><conclude attr-id="8080f649-e829-4566-a4c9-59edc725f260" entity-id="global" scope-id="global0"><value><true-value /></value><condition><attribute attr-id="99324694-1026-41ff-9522-802957a84ac7" /></condition><otherwise><false-value /></otherwise></conclude><conclude attr-id="70a885e1-099a-43b8-8810-84904b48aade" entity-id="global" scope-id="global0"><value><true-value /></value><condition><and><attribute attr-id="837484e0-cd39-4110-bb42-8b0fbd753f64" /><attribute attr-id="82c025bf-7bcc-4adb-aad0-166d19d49740" /></and></condition><otherwise><false-value /></otherwise></conclude><conclude attr-id="82c025bf-7bcc-4adb-aad0-166d19d49740" entity-id="global" scope-id="global0"><value><true-value /></value><condition><and><attribute attr-id="6d248139-f23b-4b09-8161-06ddc68f819f" /><attribute attr-id="c6f8b9b8-11b3-4a66-8cd4-6e4bc41eb5df" /></and></condition><otherwise><false-value /></otherwise></conclude><conclude attr-id="6d248139-f23b-4b09-8161-06ddc68f819f" entity-id="global" scope-id="global0"><value><false-value /></value><condition><or><attribute attr-id="a8d0ee3a-008c-41f8-b4aa-a7f8c328b355" /><attribute attr-id="b34b9340-00b7-4db2-9b6c-ca9b6242db0c" /></or></condition><otherwise><true-value /></otherwise></conclude></rules></rulebase>