<?xml version="1.0" encoding="utf-8"?><rulebase region="en-US" timezone="Etc/GMT"><entity text="Global" name="global" has-public-name="true" singleton="true"><attribute name="20df76b9-0642-41f3-8fca-d4cedcb927b3" has-public-name="false" type="Boolean" /><attribute name="dfc29478-de1f-4116-91b8-2f4f94b1913a" has-public-name="false" type="Text" /><attribute name="50d75371-b0f1-4674-82dc-ab81f33e0519" has-public-name="false" type="Text" /><attribute name="c379c6d3-9fce-4b45-949f-167aa5cc04d4" has-public-name="false" type="Text" /><attribute name="917f5475-01b9-48b9-9ea8-df82f5b61df9" has-public-name="false" type="Number" min-value="8" max-value="10" /><attribute name="a9827882-4644-4663-859d-22c2da663d02" has-public-name="false" type="Boolean" /><attribute name="4462beaf-d22c-47c1-ad5f-1035d660763f" has-public-name="false" type="Text" validate-regexp="@" /><attribute name="f783059c-e78d-4324-bb27-1844d6123e12" has-public-name="false" type="Boolean" /><attribute name="02037b16-6a95-43f5-bf8a-1a6e3b06d0fa" has-public-name="false" type="Boolean" /><attribute name="c07e44d5-7e31-4c47-b839-6c91dd4122ba" has-public-name="false" type="Boolean" /><attribute name="b7d67cc4-0bd4-460f-b797-a589f6d0cf9f" has-public-name="false" type="Boolean" /><attribute name="4a7623e4-6820-455b-8b73-3f5204485866" has-public-name="false" type="Boolean" /><attribute name="4fe7624b-235d-45eb-bf01-59873c3e15bb" has-public-name="false" type="Boolean" /><attribute name="2e322da1-6734-4996-af32-4bc62bf8717a" has-public-name="false" type="Boolean" /><attribute name="da3554c5-839a-4b60-94aa-b004f7a4ead6" has-public-name="false" type="Boolean" /><attribute name="40bdd1f4-3134-4588-9215-46f8d876894c" has-public-name="false" type="Boolean" /><attribute name="aad44216-5cc7-4536-874b-d0b41d8f3983" has-public-name="false" type="Boolean" /><attribute name="f88e1be8-9717-4143-bd24-7c475d5fb8ce" has-public-name="false" type="Boolean" /><attribute name="751a0e9a-254c-4668-a0e6-65dda68d2b1a" has-public-name="false" type="Boolean" /><attribute name="e93da0a1-d784-40c0-acd6-48d31f8a5dd8" has-public-name="false" type="Boolean" /><attribute name="d1daa143-32b8-4bc9-ac16-3fa668ec60c6" has-public-name="false" type="Boolean" /><attribute name="3ad2e7d1-501e-4ea9-87f6-ec2383a45500" has-public-name="false" type="Boolean" /><attribute name="047da5df-179b-42ca-8025-1d43220fd84d" has-public-name="false" type="Boolean" /><attribute name="4080f6e1-06f0-4bbe-a998-2132fbc4a6dd" has-public-name="false" type="Boolean" /><attribute name="95cab034-4430-490c-99c8-0ac97154a7ab" has-public-name="false" type="Boolean" /><attribute name="399a030f-fa92-4752-b6f4-f8a4bb2ed66f" has-public-name="false" type="Boolean" /><attribute name="575fe9a4-fc11-417f-93a2-a47de5a1a518" has-public-name="false" type="Boolean" /><attribute name="095b8a37-400a-4790-8c97-943d50255d37" has-public-name="false" type="Boolean" /><attribute name="ebc31d92-0b24-4e0e-a2e0-72c857f44d57" has-public-name="false" type="Boolean" /><attribute name="77ff7e4e-3105-4fed-b79a-b5165eb8cb1b" has-public-name="false" type="Boolean" /><attribute name="686acc96-07e2-40bc-a173-02f5cfed8024" has-public-name="false" type="Boolean" /><attribute name="5be68709-95fc-4218-962c-1cb7a8909d72" has-public-name="false" type="Boolean" /><attribute name="b0999a25-3f22-4f40-ad02-7f024f3b2625" has-public-name="false" type="Boolean" /><attribute name="edc967bd-7223-4bd9-a5df-3cd28e07f727" has-public-name="false" type="Text" /></entity><rules module="GST_AT_SETTLEMENT:2DE53D7E8E5FAFA10B1D1FAACAF1F704"><conclude attr-id="20df76b9-0642-41f3-8fca-d4cedcb927b3" entity-id="global" scope-id="global0"><value><true-value /></value><condition><and><known><attribute attr-id="dfc29478-de1f-4116-91b8-2f4f94b1913a" /></known><known><attribute attr-id="50d75371-b0f1-4674-82dc-ab81f33e0519" /></known><known><attribute attr-id="c379c6d3-9fce-4b45-949f-167aa5cc04d4" /></known><known><attribute attr-id="917f5475-01b9-48b9-9ea8-df82f5b61df9" /></known><known><attribute attr-id="a9827882-4644-4663-859d-22c2da663d02" /></known><known><attribute attr-id="4462beaf-d22c-47c1-ad5f-1035d660763f" /></known></and></condition><otherwise><false-value /></otherwise></conclude><conclude attr-id="f783059c-e78d-4324-bb27-1844d6123e12" entity-id="global" scope-id="global0"><value><true-value /></value><condition><equals><attribute attr-id="edc967bd-7223-4bd9-a5df-3cd28e07f727" /><string-value>Purchaser</string-value></equals></condition><otherwise><false-value /></otherwise></conclude><conclude attr-id="02037b16-6a95-43f5-bf8a-1a6e3b06d0fa" entity-id="global" scope-id="global0"><value><true-value /></value><condition><equals><attribute attr-id="edc967bd-7223-4bd9-a5df-3cd28e07f727" /><string-value>Supplier</string-value></equals></condition><otherwise><false-value /></otherwise></conclude><conclude attr-id="575fe9a4-fc11-417f-93a2-a47de5a1a518" entity-id="global" scope-id="global0"><value><true-value /></value><condition><or><equals><attribute attr-id="edc967bd-7223-4bd9-a5df-3cd28e07f727" /><string-value>Supplier</string-value></equals><equals><attribute attr-id="edc967bd-7223-4bd9-a5df-3cd28e07f727" /><string-value>Purchaser</string-value></equals></or></condition><otherwise><false-value /></otherwise></conclude><conclude attr-id="c07e44d5-7e31-4c47-b839-6c91dd4122ba" entity-id="global" scope-id="global0"><value><true-value /></value><condition><and><not><attribute attr-id="b7d67cc4-0bd4-460f-b797-a589f6d0cf9f" /></not><attribute attr-id="4a7623e4-6820-455b-8b73-3f5204485866" /><attribute attr-id="4fe7624b-235d-45eb-bf01-59873c3e15bb" /><or><attribute attr-id="399a030f-fa92-4752-b6f4-f8a4bb2ed66f" /></or></and></condition><otherwise><false-value /></otherwise></conclude><conclude attr-id="b7d67cc4-0bd4-460f-b797-a589f6d0cf9f" entity-id="global" scope-id="global0"><value><true-value /></value><condition><or><attribute attr-id="da3554c5-839a-4b60-94aa-b004f7a4ead6" /><and><attribute attr-id="40bdd1f4-3134-4588-9215-46f8d876894c" /><attribute attr-id="aad44216-5cc7-4536-874b-d0b41d8f3983" /></and></or></condition><otherwise><false-value /></otherwise></conclude><conclude attr-id="047da5df-179b-42ca-8025-1d43220fd84d" entity-id="global" scope-id="global0"><value><true-value /></value><condition><and><attribute attr-id="b0999a25-3f22-4f40-ad02-7f024f3b2625" /><attribute attr-id="ebc31d92-0b24-4e0e-a2e0-72c857f44d57" /><not><attribute attr-id="77ff7e4e-3105-4fed-b79a-b5165eb8cb1b" /></not><or><not><attribute attr-id="686acc96-07e2-40bc-a173-02f5cfed8024" /></not><attribute attr-id="5be68709-95fc-4218-962c-1cb7a8909d72" /></or></and></condition><otherwise><false-value /></otherwise></conclude><conclude attr-id="4a7623e4-6820-455b-8b73-3f5204485866" entity-id="global" scope-id="global0"><value><true-value /></value><condition><conclude attr-id="3ad2e7d1-501e-4ea9-87f6-ec2383a45500" entity-id="global" scope-id="global0"><value><true-value /></value><condition><or><not><attribute attr-id="751a0e9a-254c-4668-a0e6-65dda68d2b1a" /></not><attribute attr-id="e93da0a1-d784-40c0-acd6-48d31f8a5dd8" /><attribute attr-id="d1daa143-32b8-4bc9-ac16-3fa668ec60c6" /></or></condition><otherwise><false-value /></otherwise></conclude></condition><otherwise><false-value /></otherwise></conclude><conclude attr-id="f88e1be8-9717-4143-bd24-7c475d5fb8ce" entity-id="global" scope-id="global0"><value><true-value /></value><condition><conclude attr-id="095b8a37-400a-4790-8c97-943d50255d37" entity-id="global" scope-id="global0"><value><true-value /></value><condition><or><attribute attr-id="4080f6e1-06f0-4bbe-a998-2132fbc4a6dd" /><attribute attr-id="95cab034-4430-490c-99c8-0ac97154a7ab" /></or></condition><otherwise><false-value /></otherwise></conclude></condition><otherwise><false-value /></otherwise></conclude></rules></rulebase>